client_id	criterion	n_new_trees	round	val_accuracy	val_f1_score	val_loss	val_precision	val_recall	val_specificity
12	gini	8	1	0.9339805825242719	0.9512893982808023	0.44465127865452175	0.9431818181818182	0.9595375722543352	0.8816568047337278
4	gini	8	1	0.9434697855750487	0.9575402635431918	0.22366135763991815	0.956140350877193	0.9589442815249267	0.9127906976744186
1	gini	8	1	0.9432048681541582	0.964735516372796	0.2945189692615555	0.9433497536945813	0.9871134020618557	0.780952380952381
14	gini	8	1	0.9447731755424064	0.9628647214854111	0.27166712126822107	0.9654255319148937	0.9603174603174603	0.8992248062015504
5	gini	8	1	0.958904109589041	0.97165991902834	0.2680993515278057	0.9703504043126685	0.972972972972973	0.9219858156028369
15	gini	8	2	0.9153846153846154	0.9351032448377581	0.333314385826686	0.9462686567164179	0.924198250728863	0.8983050847457628
7	gini	8	2	0.9441233140655106	0.9636135508155583	0.15263551248039828	0.9504950495049505	0.9770992366412213	0.8412698412698413
12	gini	8	2	0.9339805825242719	0.9512893982808023	0.44465127865452175	0.9431818181818182	0.9595375722543352	0.8816568047337278
9	gini	8	2	0.9127134724857685	0.9346590909090909	0.2565071517460498	0.9508670520231214	0.9189944134078212	0.8994082840236687
11	gini	8	2	0.9424184261036468	0.9620253164556962	0.35063701405634884	0.9718670076726342	0.9523809523809523	0.9098360655737705
2	gini	8	3	0.9341317365269461	0.9537166900420757	0.17069026585482874	0.947075208913649	0.96045197740113	0.8707482993197279
10	gini	8	3	0.9491833030852994	0.9642857142857143	0.1412365600971183	0.9692307692307692	0.9593908629441624	0.9235668789808917
5	gini	8	3	0.958904109589041	0.97165991902834	0.2680993515278057	0.9703504043126685	0.972972972972973	0.9219858156028369
14	gini	8	3	0.9447731755424064	0.9628647214854111	0.27166712126822107	0.9654255319148937	0.9603174603174603	0.8992248062015504
6	gini	8	3	0.9389002036659878	0.9578651685393258	0.23682210791932826	0.9419889502762431	0.9742857142857143	0.851063829787234
2	gini	8	4	0.9341317365269461	0.9537166900420757	0.17069026585482874	0.947075208913649	0.96045197740113	0.8707482993197279
5	gini	8	4	0.958904109589041	0.97165991902834	0.2680993515278057	0.9703504043126685	0.972972972972973	0.9219858156028369
1	gini	8	4	0.9432048681541582	0.964735516372796	0.2945189692615555	0.9433497536945813	0.9871134020618557	0.780952380952381
4	gini	8	4	0.9434697855750487	0.9575402635431918	0.22366135763991815	0.956140350877193	0.9589442815249267	0.9127906976744186
11	gini	8	4	0.9424184261036468	0.9620253164556962	0.35063701405634884	0.9718670076726342	0.9523809523809523	0.9098360655737705
8	gini	8	5	0.935361216730038	0.9552631578947368	0.41615408478819327	0.952755905511811	0.9577836411609498	0.8775510204081632
4	gini	8	5	0.9434697855750487	0.9575402635431918	0.22366135763991815	0.956140350877193	0.9589442815249267	0.9127906976744186
3	gini	8	5	0.9476635514018692	0.9627659574468085	0.13057233927943612	0.9783783783783784	0.9476439790575916	0.9477124183006536
12	gini	8	5	0.9339805825242719	0.9512893982808023	0.44465127865452175	0.9431818181818182	0.9595375722543352	0.8816568047337278
9	gini	8	5	0.9127134724857685	0.9346590909090909	0.2565071517460498	0.9508670520231214	0.9189944134078212	0.8994082840236687
15	gini	8	6	0.9153846153846154	0.9351032448377581	0.333314385826686	0.9462686567164179	0.924198250728863	0.8983050847457628
10	gini	8	6	0.9491833030852994	0.9642857142857143	0.1412365600971183	0.9692307692307692	0.9593908629441624	0.9235668789808917
4	gini	8	6	0.9434697855750487	0.9575402635431918	0.22366135763991815	0.956140350877193	0.9589442815249267	0.9127906976744186
6	gini	8	6	0.9389002036659878	0.9578651685393258	0.23682210791932826	0.9419889502762431	0.9742857142857143	0.851063829787234
12	gini	8	6	0.9339805825242719	0.9512893982808023	0.44465127865452175	0.9431818181818182	0.9595375722543352	0.8816568047337278
8	gini	8	7	0.935361216730038	0.9552631578947368	0.41615408478819327	0.952755905511811	0.9577836411609498	0.8775510204081632
4	gini	8	7	0.9434697855750487	0.9575402635431918	0.22366135763991815	0.956140350877193	0.9589442815249267	0.9127906976744186
9	gini	8	7	0.9127134724857685	0.9346590909090909	0.2565071517460498	0.9508670520231214	0.9189944134078212	0.8994082840236687
3	gini	8	7	0.9476635514018692	0.9627659574468085	0.13057233927943612	0.9783783783783784	0.9476439790575916	0.9477124183006536
6	gini	8	7	0.9389002036659878	0.9578651685393258	0.23682210791932826	0.9419889502762431	0.9742857142857143	0.851063829787234
9	gini	8	8	0.9127134724857685	0.9346590909090909	0.2565071517460498	0.9508670520231214	0.9189944134078212	0.8994082840236687
11	gini	8	8	0.9424184261036468	0.9620253164556962	0.35063701405634884	0.9718670076726342	0.9523809523809523	0.9098360655737705
15	gini	8	8	0.9153846153846154	0.9351032448377581	0.333314385826686	0.9462686567164179	0.924198250728863	0.8983050847457628
12	gini	8	8	0.9339805825242719	0.9512893982808023	0.44465127865452175	0.9431818181818182	0.9595375722543352	0.8816568047337278
2	gini	8	8	0.9341317365269461	0.9537166900420757	0.17069026585482874	0.947075208913649	0.96045197740113	0.8707482993197279
14	gini	8	9	0.9447731755424064	0.9628647214854111	0.27166712126822107	0.9654255319148937	0.9603174603174603	0.8992248062015504
5	gini	8	9	0.958904109589041	0.97165991902834	0.2680993515278057	0.9703504043126685	0.972972972972973	0.9219858156028369
11	gini	8	9	0.9424184261036468	0.9620253164556962	0.35063701405634884	0.9718670076726342	0.9523809523809523	0.9098360655737705
9	gini	8	9	0.9127134724857685	0.9346590909090909	0.2565071517460498	0.9508670520231214	0.9189944134078212	0.8994082840236687
15	gini	8	9	0.9153846153846154	0.9351032448377581	0.333314385826686	0.9462686567164179	0.924198250728863	0.8983050847457628
10	gini	8	10	0.9491833030852994	0.9642857142857143	0.1412365600971183	0.9692307692307692	0.9593908629441624	0.9235668789808917
4	gini	8	10	0.9434697855750487	0.9575402635431918	0.22366135763991815	0.956140350877193	0.9589442815249267	0.9127906976744186
2	gini	8	10	0.9341317365269461	0.9537166900420757	0.17069026585482874	0.947075208913649	0.96045197740113	0.8707482993197279
15	gini	8	10	0.9153846153846154	0.9351032448377581	0.333314385826686	0.9462686567164179	0.924198250728863	0.8983050847457628
1	gini	8	10	0.9432048681541582	0.964735516372796	0.2945189692615555	0.9433497536945813	0.9871134020618557	0.780952380952381
8	gini	8	11	0.935361216730038	0.9552631578947368	0.41615408478819327	0.952755905511811	0.9577836411609498	0.8775510204081632
11	gini	8	11	0.9424184261036468	0.9620253164556962	0.35063701405634884	0.9718670076726342	0.9523809523809523	0.9098360655737705
7	gini	8	11	0.9441233140655106	0.9636135508155583	0.15263551248039828	0.9504950495049505	0.9770992366412213	0.8412698412698413
14	gini	8	11	0.9447731755424064	0.9628647214854111	0.27166712126822107	0.9654255319148937	0.9603174603174603	0.8992248062015504
6	gini	8	11	0.9389002036659878	0.9578651685393258	0.23682210791932826	0.9419889502762431	0.9742857142857143	0.851063829787234
11	gini	8	12	0.9424184261036468	0.9620253164556962	0.35063701405634884	0.9718670076726342	0.9523809523809523	0.9098360655737705
12	gini	8	12	0.9339805825242719	0.9512893982808023	0.44465127865452175	0.9431818181818182	0.9595375722543352	0.8816568047337278
1	gini	8	12	0.9432048681541582	0.964735516372796	0.2945189692615555	0.9433497536945813	0.9871134020618557	0.780952380952381
2	gini	8	12	0.9341317365269461	0.9537166900420757	0.17069026585482874	0.947075208913649	0.96045197740113	0.8707482993197279
4	gini	8	12	0.9434697855750487	0.9575402635431918	0.22366135763991815	0.956140350877193	0.9589442815249267	0.9127906976744186
4	gini	8	13	0.9434697855750487	0.9575402635431918	0.22366135763991815	0.956140350877193	0.9589442815249267	0.9127906976744186
14	gini	8	13	0.9447731755424064	0.9628647214854111	0.27166712126822107	0.9654255319148937	0.9603174603174603	0.8992248062015504
2	gini	8	13	0.9341317365269461	0.9537166900420757	0.17069026585482874	0.947075208913649	0.96045197740113	0.8707482993197279
7	gini	8	13	0.9441233140655106	0.9636135508155583	0.15263551248039828	0.9504950495049505	0.9770992366412213	0.8412698412698413
11	gini	8	13	0.9424184261036468	0.9620253164556962	0.35063701405634884	0.9718670076726342	0.9523809523809523	0.9098360655737705
8	gini	8	14	0.935361216730038	0.9552631578947368	0.41615408478819327	0.952755905511811	0.9577836411609498	0.8775510204081632
15	gini	8	14	0.9153846153846154	0.9351032448377581	0.333314385826686	0.9462686567164179	0.924198250728863	0.8983050847457628
7	gini	8	14	0.9441233140655106	0.9636135508155583	0.15263551248039828	0.9504950495049505	0.9770992366412213	0.8412698412698413
3	gini	8	14	0.9476635514018692	0.9627659574468085	0.13057233927943612	0.9783783783783784	0.9476439790575916	0.9477124183006536
5	gini	8	14	0.958904109589041	0.97165991902834	0.2680993515278057	0.9703504043126685	0.972972972972973	0.9219858156028369
7	gini	8	15	0.9441233140655106	0.9636135508155583	0.15263551248039828	0.9504950495049505	0.9770992366412213	0.8412698412698413
14	gini	8	15	0.9447731755424064	0.9628647214854111	0.27166712126822107	0.9654255319148937	0.9603174603174603	0.8992248062015504
3	gini	8	15	0.9476635514018692	0.9627659574468085	0.13057233927943612	0.9783783783783784	0.9476439790575916	0.9477124183006536
15	gini	8	15	0.9153846153846154	0.9351032448377581	0.333314385826686	0.9462686567164179	0.924198250728863	0.8983050847457628
1	gini	8	15	0.9432048681541582	0.964735516372796	0.2945189692615555	0.9433497536945813	0.9871134020618557	0.780952380952381
1	gini	8	16	0.9432048681541582	0.964735516372796	0.2945189692615555	0.9433497536945813	0.9871134020618557	0.780952380952381
8	gini	8	16	0.935361216730038	0.9552631578947368	0.41615408478819327	0.952755905511811	0.9577836411609498	0.8775510204081632
9	gini	8	16	0.9127134724857685	0.9346590909090909	0.2565071517460498	0.9508670520231214	0.9189944134078212	0.8994082840236687
10	gini	8	16	0.9491833030852994	0.9642857142857143	0.1412365600971183	0.9692307692307692	0.9593908629441624	0.9235668789808917
15	gini	8	16	0.9153846153846154	0.9351032448377581	0.333314385826686	0.9462686567164179	0.924198250728863	0.8983050847457628
15	gini	8	17	0.9153846153846154	0.9351032448377581	0.333314385826686	0.9462686567164179	0.924198250728863	0.8983050847457628
14	gini	8	17	0.9447731755424064	0.9628647214854111	0.27166712126822107	0.9654255319148937	0.9603174603174603	0.8992248062015504
10	gini	8	17	0.9491833030852994	0.9642857142857143	0.1412365600971183	0.9692307692307692	0.9593908629441624	0.9235668789808917
1	gini	8	17	0.9432048681541582	0.964735516372796	0.2945189692615555	0.9433497536945813	0.9871134020618557	0.780952380952381
2	gini	8	17	0.9341317365269461	0.9537166900420757	0.17069026585482874	0.947075208913649	0.96045197740113	0.8707482993197279
11	gini	8	18	0.9424184261036468	0.9620253164556962	0.35063701405634884	0.9718670076726342	0.9523809523809523	0.9098360655737705
8	gini	8	18	0.935361216730038	0.9552631578947368	0.41615408478819327	0.952755905511811	0.9577836411609498	0.8775510204081632
6	gini	8	18	0.9389002036659878	0.9578651685393258	0.23682210791932826	0.9419889502762431	0.9742857142857143	0.851063829787234
15	gini	8	18	0.9153846153846154	0.9351032448377581	0.333314385826686	0.9462686567164179	0.924198250728863	0.8983050847457628
5	gini	8	18	0.958904109589041	0.97165991902834	0.2680993515278057	0.9703504043126685	0.972972972972973	0.9219858156028369
5	gini	8	19	0.958904109589041	0.97165991902834	0.2680993515278057	0.9703504043126685	0.972972972972973	0.9219858156028369
4	gini	8	19	0.9434697855750487	0.9575402635431918	0.22366135763991815	0.956140350877193	0.9589442815249267	0.9127906976744186
15	gini	8	19	0.9153846153846154	0.9351032448377581	0.333314385826686	0.9462686567164179	0.924198250728863	0.8983050847457628
3	gini	8	19	0.9476635514018692	0.9627659574468085	0.13057233927943612	0.9783783783783784	0.9476439790575916	0.9477124183006536
6	gini	8	19	0.9389002036659878	0.9578651685393258	0.23682210791932826	0.9419889502762431	0.9742857142857143	0.851063829787234
9	gini	8	20	0.9127134724857685	0.9346590909090909	0.2565071517460498	0.9508670520231214	0.9189944134078212	0.8994082840236687
15	gini	8	20	0.9153846153846154	0.9351032448377581	0.333314385826686	0.9462686567164179	0.924198250728863	0.8983050847457628
3	gini	8	20	0.9476635514018692	0.9627659574468085	0.13057233927943612	0.9783783783783784	0.9476439790575916	0.9477124183006536
2	gini	8	20	0.9341317365269461	0.9537166900420757	0.17069026585482874	0.947075208913649	0.96045197740113	0.8707482993197279
12	gini	8	20	0.9339805825242719	0.9512893982808023	0.44465127865452175	0.9431818181818182	0.9595375722543352	0.8816568047337278
3	gini	8	21	0.9476635514018692	0.9627659574468085	0.13057233927943612	0.9783783783783784	0.9476439790575916	0.9477124183006536
5	gini	8	21	0.958904109589041	0.97165991902834	0.2680993515278057	0.9703504043126685	0.972972972972973	0.9219858156028369
11	gini	8	21	0.9424184261036468	0.9620253164556962	0.35063701405634884	0.9718670076726342	0.9523809523809523	0.9098360655737705
13	gini	8	21	0.9388145315487572	0.961352657004831	0.2985237128543944	0.9590361445783132	0.9636803874092009	0.8454545454545455
6	gini	8	21	0.9389002036659878	0.9578651685393258	0.23682210791932826	0.9419889502762431	0.9742857142857143	0.851063829787234
3	gini	8	22	0.9476635514018692	0.9627659574468085	0.13057233927943612	0.9783783783783784	0.9476439790575916	0.9477124183006536
6	gini	8	22	0.9389002036659878	0.9578651685393258	0.23682210791932826	0.9419889502762431	0.9742857142857143	0.851063829787234
14	gini	8	22	0.9447731755424064	0.9628647214854111	0.27166712126822107	0.9654255319148937	0.9603174603174603	0.8992248062015504
5	gini	8	22	0.958904109589041	0.97165991902834	0.2680993515278057	0.9703504043126685	0.972972972972973	0.9219858156028369
1	gini	8	22	0.9432048681541582	0.964735516372796	0.2945189692615555	0.9433497536945813	0.9871134020618557	0.780952380952381
12	gini	8	23	0.9339805825242719	0.9512893982808023	0.44465127865452175	0.9431818181818182	0.9595375722543352	0.8816568047337278
6	gini	8	23	0.9389002036659878	0.9578651685393258	0.23682210791932826	0.9419889502762431	0.9742857142857143	0.851063829787234
7	gini	8	23	0.9441233140655106	0.9636135508155583	0.15263551248039828	0.9504950495049505	0.9770992366412213	0.8412698412698413
3	gini	8	23	0.9476635514018692	0.9627659574468085	0.13057233927943612	0.9783783783783784	0.9476439790575916	0.9477124183006536
1	gini	8	23	0.9432048681541582	0.964735516372796	0.2945189692615555	0.9433497536945813	0.9871134020618557	0.780952380952381
13	gini	8	24	0.9388145315487572	0.961352657004831	0.2985237128543944	0.9590361445783132	0.9636803874092009	0.8454545454545455
4	gini	8	24	0.9434697855750487	0.9575402635431918	0.22366135763991815	0.956140350877193	0.9589442815249267	0.9127906976744186
14	gini	8	24	0.9447731755424064	0.9628647214854111	0.27166712126822107	0.9654255319148937	0.9603174603174603	0.8992248062015504
12	gini	8	24	0.9339805825242719	0.9512893982808023	0.44465127865452175	0.9431818181818182	0.9595375722543352	0.8816568047337278
5	gini	8	24	0.958904109589041	0.97165991902834	0.2680993515278057	0.9703504043126685	0.972972972972973	0.9219858156028369
10	gini	8	25	0.9491833030852994	0.9642857142857143	0.1412365600971183	0.9692307692307692	0.9593908629441624	0.9235668789808917
3	gini	8	25	0.9476635514018692	0.9627659574468085	0.13057233927943612	0.9783783783783784	0.9476439790575916	0.9477124183006536
5	gini	8	25	0.958904109589041	0.97165991902834	0.2680993515278057	0.9703504043126685	0.972972972972973	0.9219858156028369
14	gini	8	25	0.9447731755424064	0.9628647214854111	0.27166712126822107	0.9654255319148937	0.9603174603174603	0.8992248062015504
2	gini	8	25	0.9341317365269461	0.9537166900420757	0.17069026585482874	0.947075208913649	0.96045197740113	0.8707482993197279
11	gini	8	26	0.9424184261036468	0.9620253164556962	0.35063701405634884	0.9718670076726342	0.9523809523809523	0.9098360655737705
12	gini	8	26	0.9339805825242719	0.9512893982808023	0.44465127865452175	0.9431818181818182	0.9595375722543352	0.8816568047337278
13	gini	8	26	0.9388145315487572	0.961352657004831	0.2985237128543944	0.9590361445783132	0.9636803874092009	0.8454545454545455
9	gini	8	26	0.9127134724857685	0.9346590909090909	0.2565071517460498	0.9508670520231214	0.9189944134078212	0.8994082840236687
15	gini	8	26	0.9153846153846154	0.9351032448377581	0.333314385826686	0.9462686567164179	0.924198250728863	0.8983050847457628
5	gini	8	27	0.958904109589041	0.97165991902834	0.2680993515278057	0.9703504043126685	0.972972972972973	0.9219858156028369
12	gini	8	27	0.9339805825242719	0.9512893982808023	0.44465127865452175	0.9431818181818182	0.9595375722543352	0.8816568047337278
7	gini	8	27	0.9441233140655106	0.9636135508155583	0.15263551248039828	0.9504950495049505	0.9770992366412213	0.8412698412698413
9	gini	8	27	0.9127134724857685	0.9346590909090909	0.2565071517460498	0.9508670520231214	0.9189944134078212	0.8994082840236687
3	gini	8	27	0.9476635514018692	0.9627659574468085	0.13057233927943612	0.9783783783783784	0.9476439790575916	0.9477124183006536
11	gini	8	28	0.9424184261036468	0.9620253164556962	0.35063701405634884	0.9718670076726342	0.9523809523809523	0.9098360655737705
14	gini	8	28	0.9447731755424064	0.9628647214854111	0.27166712126822107	0.9654255319148937	0.9603174603174603	0.8992248062015504
15	gini	8	28	0.9153846153846154	0.9351032448377581	0.333314385826686	0.9462686567164179	0.924198250728863	0.8983050847457628
4	gini	8	28	0.9434697855750487	0.9575402635431918	0.22366135763991815	0.956140350877193	0.9589442815249267	0.9127906976744186
8	gini	8	28	0.935361216730038	0.9552631578947368	0.41615408478819327	0.952755905511811	0.9577836411609498	0.8775510204081632
1	gini	8	29	0.9432048681541582	0.964735516372796	0.2945189692615555	0.9433497536945813	0.9871134020618557	0.780952380952381
10	gini	8	29	0.9491833030852994	0.9642857142857143	0.1412365600971183	0.9692307692307692	0.9593908629441624	0.9235668789808917
8	gini	8	29	0.935361216730038	0.9552631578947368	0.41615408478819327	0.952755905511811	0.9577836411609498	0.8775510204081632
2	gini	8	29	0.9341317365269461	0.9537166900420757	0.17069026585482874	0.947075208913649	0.96045197740113	0.8707482993197279
4	gini	8	29	0.9434697855750487	0.9575402635431918	0.22366135763991815	0.956140350877193	0.9589442815249267	0.9127906976744186
9	gini	8	30	0.9127134724857685	0.9346590909090909	0.2565071517460498	0.9508670520231214	0.9189944134078212	0.8994082840236687
13	gini	8	30	0.9388145315487572	0.961352657004831	0.2985237128543944	0.9590361445783132	0.9636803874092009	0.8454545454545455
1	gini	8	30	0.9432048681541582	0.964735516372796	0.2945189692615555	0.9433497536945813	0.9871134020618557	0.780952380952381
8	gini	8	30	0.935361216730038	0.9552631578947368	0.41615408478819327	0.952755905511811	0.9577836411609498	0.8775510204081632
12	gini	8	30	0.9339805825242719	0.9512893982808023	0.44465127865452175	0.9431818181818182	0.9595375722543352	0.8816568047337278
5	gini	8	31	0.958904109589041	0.97165991902834	0.2680993515278057	0.9703504043126685	0.972972972972973	0.9219858156028369
13	gini	8	31	0.9388145315487572	0.961352657004831	0.2985237128543944	0.9590361445783132	0.9636803874092009	0.8454545454545455
12	gini	8	31	0.9339805825242719	0.9512893982808023	0.44465127865452175	0.9431818181818182	0.9595375722543352	0.8816568047337278
14	gini	8	31	0.9447731755424064	0.9628647214854111	0.27166712126822107	0.9654255319148937	0.9603174603174603	0.8992248062015504
8	gini	8	31	0.935361216730038	0.9552631578947368	0.41615408478819327	0.952755905511811	0.9577836411609498	0.8775510204081632
3	gini	8	32	0.9476635514018692	0.9627659574468085	0.13057233927943612	0.9783783783783784	0.9476439790575916	0.9477124183006536
12	gini	8	32	0.9339805825242719	0.9512893982808023	0.44465127865452175	0.9431818181818182	0.9595375722543352	0.8816568047337278
2	gini	8	32	0.9341317365269461	0.9537166900420757	0.17069026585482874	0.947075208913649	0.96045197740113	0.8707482993197279
9	gini	8	32	0.9127134724857685	0.9346590909090909	0.2565071517460498	0.9508670520231214	0.9189944134078212	0.8994082840236687
15	gini	8	32	0.9153846153846154	0.9351032448377581	0.333314385826686	0.9462686567164179	0.924198250728863	0.8983050847457628
10	gini	8	33	0.9491833030852994	0.9642857142857143	0.1412365600971183	0.9692307692307692	0.9593908629441624	0.9235668789808917
1	gini	8	33	0.9432048681541582	0.964735516372796	0.2945189692615555	0.9433497536945813	0.9871134020618557	0.780952380952381
13	gini	8	33	0.9388145315487572	0.961352657004831	0.2985237128543944	0.9590361445783132	0.9636803874092009	0.8454545454545455
12	gini	8	33	0.9339805825242719	0.9512893982808023	0.44465127865452175	0.9431818181818182	0.9595375722543352	0.8816568047337278
7	gini	8	33	0.9441233140655106	0.9636135508155583	0.15263551248039828	0.9504950495049505	0.9770992366412213	0.8412698412698413
1	gini	8	34	0.9432048681541582	0.964735516372796	0.2945189692615555	0.9433497536945813	0.9871134020618557	0.780952380952381
6	gini	8	34	0.9389002036659878	0.9578651685393258	0.23682210791932826	0.9419889502762431	0.9742857142857143	0.851063829787234
15	gini	8	34	0.9153846153846154	0.9351032448377581	0.333314385826686	0.9462686567164179	0.924198250728863	0.8983050847457628
7	gini	8	34	0.9441233140655106	0.9636135508155583	0.15263551248039828	0.9504950495049505	0.9770992366412213	0.8412698412698413
8	gini	8	34	0.935361216730038	0.9552631578947368	0.41615408478819327	0.952755905511811	0.9577836411609498	0.8775510204081632
5	gini	8	35	0.958904109589041	0.97165991902834	0.2680993515278057	0.9703504043126685	0.972972972972973	0.9219858156028369
3	gini	8	35	0.9476635514018692	0.9627659574468085	0.13057233927943612	0.9783783783783784	0.9476439790575916	0.9477124183006536
14	gini	8	35	0.9447731755424064	0.9628647214854111	0.27166712126822107	0.9654255319148937	0.9603174603174603	0.8992248062015504
8	gini	8	35	0.935361216730038	0.9552631578947368	0.41615408478819327	0.952755905511811	0.9577836411609498	0.8775510204081632
1	gini	8	35	0.9432048681541582	0.964735516372796	0.2945189692615555	0.9433497536945813	0.9871134020618557	0.780952380952381
13	gini	8	36	0.9388145315487572	0.961352657004831	0.2985237128543944	0.9590361445783132	0.9636803874092009	0.8454545454545455
2	gini	8	36	0.9341317365269461	0.9537166900420757	0.17069026585482874	0.947075208913649	0.96045197740113	0.8707482993197279
11	gini	8	36	0.9424184261036468	0.9620253164556962	0.35063701405634884	0.9718670076726342	0.9523809523809523	0.9098360655737705
4	gini	8	36	0.9434697855750487	0.9575402635431918	0.22366135763991815	0.956140350877193	0.9589442815249267	0.9127906976744186
6	gini	8	36	0.9389002036659878	0.9578651685393258	0.23682210791932826	0.9419889502762431	0.9742857142857143	0.851063829787234
3	gini	8	37	0.9476635514018692	0.9627659574468085	0.13057233927943612	0.9783783783783784	0.9476439790575916	0.9477124183006536
10	gini	8	37	0.9491833030852994	0.9642857142857143	0.1412365600971183	0.9692307692307692	0.9593908629441624	0.9235668789808917
2	gini	8	37	0.9341317365269461	0.9537166900420757	0.17069026585482874	0.947075208913649	0.96045197740113	0.8707482993197279
14	gini	8	37	0.9447731755424064	0.9628647214854111	0.27166712126822107	0.9654255319148937	0.9603174603174603	0.8992248062015504
12	gini	8	37	0.9339805825242719	0.9512893982808023	0.44465127865452175	0.9431818181818182	0.9595375722543352	0.8816568047337278
2	gini	8	38	0.9341317365269461	0.9537166900420757	0.17069026585482874	0.947075208913649	0.96045197740113	0.8707482993197279
12	gini	8	38	0.9339805825242719	0.9512893982808023	0.44465127865452175	0.9431818181818182	0.9595375722543352	0.8816568047337278
11	gini	8	38	0.9424184261036468	0.9620253164556962	0.35063701405634884	0.9718670076726342	0.9523809523809523	0.9098360655737705
10	gini	8	38	0.9491833030852994	0.9642857142857143	0.1412365600971183	0.9692307692307692	0.9593908629441624	0.9235668789808917
4	gini	8	38	0.9434697855750487	0.9575402635431918	0.22366135763991815	0.956140350877193	0.9589442815249267	0.9127906976744186
14	gini	8	39	0.9447731755424064	0.9628647214854111	0.27166712126822107	0.9654255319148937	0.9603174603174603	0.8992248062015504
15	gini	8	39	0.9153846153846154	0.9351032448377581	0.333314385826686	0.9462686567164179	0.924198250728863	0.8983050847457628
2	gini	8	39	0.9341317365269461	0.9537166900420757	0.17069026585482874	0.947075208913649	0.96045197740113	0.8707482993197279
7	gini	8	39	0.9441233140655106	0.9636135508155583	0.15263551248039828	0.9504950495049505	0.9770992366412213	0.8412698412698413
8	gini	8	39	0.935361216730038	0.9552631578947368	0.41615408478819327	0.952755905511811	0.9577836411609498	0.8775510204081632
8	gini	8	40	0.935361216730038	0.9552631578947368	0.41615408478819327	0.952755905511811	0.9577836411609498	0.8775510204081632
5	gini	8	40	0.958904109589041	0.97165991902834	0.2680993515278057	0.9703504043126685	0.972972972972973	0.9219858156028369
14	gini	8	40	0.9447731755424064	0.9628647214854111	0.27166712126822107	0.9654255319148937	0.9603174603174603	0.8992248062015504
4	gini	8	40	0.9434697855750487	0.9575402635431918	0.22366135763991815	0.956140350877193	0.9589442815249267	0.9127906976744186
2	gini	8	40	0.9341317365269461	0.9537166900420757	0.17069026585482874	0.947075208913649	0.96045197740113	0.8707482993197279
5	gini	8	41	0.958904109589041	0.97165991902834	0.2680993515278057	0.9703504043126685	0.972972972972973	0.9219858156028369
10	gini	8	41	0.9491833030852994	0.9642857142857143	0.1412365600971183	0.9692307692307692	0.9593908629441624	0.9235668789808917
6	gini	8	41	0.9389002036659878	0.9578651685393258	0.23682210791932826	0.9419889502762431	0.9742857142857143	0.851063829787234
14	gini	8	41	0.9447731755424064	0.9628647214854111	0.27166712126822107	0.9654255319148937	0.9603174603174603	0.8992248062015504
12	gini	8	41	0.9339805825242719	0.9512893982808023	0.44465127865452175	0.9431818181818182	0.9595375722543352	0.8816568047337278
12	gini	8	42	0.9339805825242719	0.9512893982808023	0.44465127865452175	0.9431818181818182	0.9595375722543352	0.8816568047337278
7	gini	8	42	0.9441233140655106	0.9636135508155583	0.15263551248039828	0.9504950495049505	0.9770992366412213	0.8412698412698413
14	gini	8	42	0.9447731755424064	0.9628647214854111	0.27166712126822107	0.9654255319148937	0.9603174603174603	0.8992248062015504
5	gini	8	42	0.958904109589041	0.97165991902834	0.2680993515278057	0.9703504043126685	0.972972972972973	0.9219858156028369
4	gini	8	42	0.9434697855750487	0.9575402635431918	0.22366135763991815	0.956140350877193	0.9589442815249267	0.9127906976744186
4	gini	8	43	0.9434697855750487	0.9575402635431918	0.22366135763991815	0.956140350877193	0.9589442815249267	0.9127906976744186
15	gini	8	43	0.9153846153846154	0.9351032448377581	0.333314385826686	0.9462686567164179	0.924198250728863	0.8983050847457628
2	gini	8	43	0.9341317365269461	0.9537166900420757	0.17069026585482874	0.947075208913649	0.96045197740113	0.8707482993197279
5	gini	8	43	0.958904109589041	0.97165991902834	0.2680993515278057	0.9703504043126685	0.972972972972973	0.9219858156028369
13	gini	8	43	0.9388145315487572	0.961352657004831	0.2985237128543944	0.9590361445783132	0.9636803874092009	0.8454545454545455
6	gini	8	44	0.9389002036659878	0.9578651685393258	0.23682210791932826	0.9419889502762431	0.9742857142857143	0.851063829787234
5	gini	8	44	0.958904109589041	0.97165991902834	0.2680993515278057	0.9703504043126685	0.972972972972973	0.9219858156028369
3	gini	8	44	0.9476635514018692	0.9627659574468085	0.13057233927943612	0.9783783783783784	0.9476439790575916	0.9477124183006536
1	gini	8	44	0.9432048681541582	0.964735516372796	0.2945189692615555	0.9433497536945813	0.9871134020618557	0.780952380952381
4	gini	8	44	0.9434697855750487	0.9575402635431918	0.22366135763991815	0.956140350877193	0.9589442815249267	0.9127906976744186
15	gini	8	45	0.9153846153846154	0.9351032448377581	0.333314385826686	0.9462686567164179	0.924198250728863	0.8983050847457628
6	gini	8	45	0.9389002036659878	0.9578651685393258	0.23682210791932826	0.9419889502762431	0.9742857142857143	0.851063829787234
3	gini	8	45	0.9476635514018692	0.9627659574468085	0.13057233927943612	0.9783783783783784	0.9476439790575916	0.9477124183006536
8	gini	8	45	0.935361216730038	0.9552631578947368	0.41615408478819327	0.952755905511811	0.9577836411609498	0.8775510204081632
1	gini	8	45	0.9432048681541582	0.964735516372796	0.2945189692615555	0.9433497536945813	0.9871134020618557	0.780952380952381
4	gini	8	46	0.9434697855750487	0.9575402635431918	0.22366135763991815	0.956140350877193	0.9589442815249267	0.9127906976744186
2	gini	8	46	0.9341317365269461	0.9537166900420757	0.17069026585482874	0.947075208913649	0.96045197740113	0.8707482993197279
7	gini	8	46	0.9441233140655106	0.9636135508155583	0.15263551248039828	0.9504950495049505	0.9770992366412213	0.8412698412698413
10	gini	8	46	0.9491833030852994	0.9642857142857143	0.1412365600971183	0.9692307692307692	0.9593908629441624	0.9235668789808917
9	gini	8	46	0.9127134724857685	0.9346590909090909	0.2565071517460498	0.9508670520231214	0.9189944134078212	0.8994082840236687
13	gini	8	47	0.9388145315487572	0.961352657004831	0.2985237128543944	0.9590361445783132	0.9636803874092009	0.8454545454545455
5	gini	8	47	0.958904109589041	0.97165991902834	0.2680993515278057	0.9703504043126685	0.972972972972973	0.9219858156028369
11	gini	8	47	0.9424184261036468	0.9620253164556962	0.35063701405634884	0.9718670076726342	0.9523809523809523	0.9098360655737705
4	gini	8	47	0.9434697855750487	0.9575402635431918	0.22366135763991815	0.956140350877193	0.9589442815249267	0.9127906976744186
14	gini	8	47	0.9447731755424064	0.9628647214854111	0.27166712126822107	0.9654255319148937	0.9603174603174603	0.8992248062015504
12	gini	8	48	0.9339805825242719	0.9512893982808023	0.44465127865452175	0.9431818181818182	0.9595375722543352	0.8816568047337278
15	gini	8	48	0.9153846153846154	0.9351032448377581	0.333314385826686	0.9462686567164179	0.924198250728863	0.8983050847457628
8	gini	8	48	0.935361216730038	0.9552631578947368	0.41615408478819327	0.952755905511811	0.9577836411609498	0.8775510204081632
14	gini	8	48	0.9447731755424064	0.9628647214854111	0.27166712126822107	0.9654255319148937	0.9603174603174603	0.8992248062015504
5	gini	8	48	0.958904109589041	0.97165991902834	0.2680993515278057	0.9703504043126685	0.972972972972973	0.9219858156028369
5	gini	8	49	0.958904109589041	0.97165991902834	0.2680993515278057	0.9703504043126685	0.972972972972973	0.9219858156028369
13	gini	8	49	0.9388145315487572	0.961352657004831	0.2985237128543944	0.9590361445783132	0.9636803874092009	0.8454545454545455
10	gini	8	49	0.9491833030852994	0.9642857142857143	0.1412365600971183	0.9692307692307692	0.9593908629441624	0.9235668789808917
3	gini	8	49	0.9476635514018692	0.9627659574468085	0.13057233927943612	0.9783783783783784	0.9476439790575916	0.9477124183006536
1	gini	8	49	0.9432048681541582	0.964735516372796	0.2945189692615555	0.9433497536945813	0.9871134020618557	0.780952380952381
10	gini	8	50	0.9491833030852994	0.9642857142857143	0.1412365600971183	0.9692307692307692	0.9593908629441624	0.9235668789808917
15	gini	8	50	0.9153846153846154	0.9351032448377581	0.333314385826686	0.9462686567164179	0.924198250728863	0.8983050847457628
12	gini	8	50	0.9339805825242719	0.9512893982808023	0.44465127865452175	0.9431818181818182	0.9595375722543352	0.8816568047337278
6	gini	8	50	0.9389002036659878	0.9578651685393258	0.23682210791932826	0.9419889502762431	0.9742857142857143	0.851063829787234
7	gini	8	50	0.9441233140655106	0.9636135508155583	0.15263551248039828	0.9504950495049505	0.9770992366412213	0.8412698412698413
8	gini	8	51	0.935361216730038	0.9552631578947368	0.41615408478819327	0.952755905511811	0.9577836411609498	0.8775510204081632
7	gini	8	51	0.9441233140655106	0.9636135508155583	0.15263551248039828	0.9504950495049505	0.9770992366412213	0.8412698412698413
3	gini	8	51	0.9476635514018692	0.9627659574468085	0.13057233927943612	0.9783783783783784	0.9476439790575916	0.9477124183006536
10	gini	8	51	0.9491833030852994	0.9642857142857143	0.1412365600971183	0.9692307692307692	0.9593908629441624	0.9235668789808917
11	gini	8	51	0.9424184261036468	0.9620253164556962	0.35063701405634884	0.9718670076726342	0.9523809523809523	0.9098360655737705
5	gini	8	52	0.958904109589041	0.97165991902834	0.2680993515278057	0.9703504043126685	0.972972972972973	0.9219858156028369
6	gini	8	52	0.9389002036659878	0.9578651685393258	0.23682210791932826	0.9419889502762431	0.9742857142857143	0.851063829787234
8	gini	8	52	0.935361216730038	0.9552631578947368	0.41615408478819327	0.952755905511811	0.9577836411609498	0.8775510204081632
13	gini	8	52	0.9388145315487572	0.961352657004831	0.2985237128543944	0.9590361445783132	0.9636803874092009	0.8454545454545455
2	gini	8	52	0.9341317365269461	0.9537166900420757	0.17069026585482874	0.947075208913649	0.96045197740113	0.8707482993197279
9	gini	8	53	0.9127134724857685	0.9346590909090909	0.2565071517460498	0.9508670520231214	0.9189944134078212	0.8994082840236687
4	gini	8	53	0.9434697855750487	0.9575402635431918	0.22366135763991815	0.956140350877193	0.9589442815249267	0.9127906976744186
1	gini	8	53	0.9432048681541582	0.964735516372796	0.2945189692615555	0.9433497536945813	0.9871134020618557	0.780952380952381
5	gini	8	53	0.958904109589041	0.97165991902834	0.2680993515278057	0.9703504043126685	0.972972972972973	0.9219858156028369
13	gini	8	53	0.9388145315487572	0.961352657004831	0.2985237128543944	0.9590361445783132	0.9636803874092009	0.8454545454545455
8	gini	8	54	0.935361216730038	0.9552631578947368	0.41615408478819327	0.952755905511811	0.9577836411609498	0.8775510204081632
14	gini	8	54	0.9447731755424064	0.9628647214854111	0.27166712126822107	0.9654255319148937	0.9603174603174603	0.8992248062015504
4	gini	8	54	0.9434697855750487	0.9575402635431918	0.22366135763991815	0.956140350877193	0.9589442815249267	0.9127906976744186
2	gini	8	54	0.9341317365269461	0.9537166900420757	0.17069026585482874	0.947075208913649	0.96045197740113	0.8707482993197279
13	gini	8	54	0.9388145315487572	0.961352657004831	0.2985237128543944	0.9590361445783132	0.9636803874092009	0.8454545454545455
10	gini	8	55	0.9491833030852994	0.9642857142857143	0.1412365600971183	0.9692307692307692	0.9593908629441624	0.9235668789808917
9	gini	8	55	0.9127134724857685	0.9346590909090909	0.2565071517460498	0.9508670520231214	0.9189944134078212	0.8994082840236687
12	gini	8	55	0.9339805825242719	0.9512893982808023	0.44465127865452175	0.9431818181818182	0.9595375722543352	0.8816568047337278
4	gini	8	55	0.9434697855750487	0.9575402635431918	0.22366135763991815	0.956140350877193	0.9589442815249267	0.9127906976744186
3	gini	8	55	0.9476635514018692	0.9627659574468085	0.13057233927943612	0.9783783783783784	0.9476439790575916	0.9477124183006536
13	gini	8	56	0.9388145315487572	0.961352657004831	0.2985237128543944	0.9590361445783132	0.9636803874092009	0.8454545454545455
15	gini	8	56	0.9153846153846154	0.9351032448377581	0.333314385826686	0.9462686567164179	0.924198250728863	0.8983050847457628
7	gini	8	56	0.9441233140655106	0.9636135508155583	0.15263551248039828	0.9504950495049505	0.9770992366412213	0.8412698412698413
9	gini	8	56	0.9127134724857685	0.9346590909090909	0.2565071517460498	0.9508670520231214	0.9189944134078212	0.8994082840236687
6	gini	8	56	0.9389002036659878	0.9578651685393258	0.23682210791932826	0.9419889502762431	0.9742857142857143	0.851063829787234
14	gini	8	57	0.9447731755424064	0.9628647214854111	0.27166712126822107	0.9654255319148937	0.9603174603174603	0.8992248062015504
3	gini	8	57	0.9476635514018692	0.9627659574468085	0.13057233927943612	0.9783783783783784	0.9476439790575916	0.9477124183006536
13	gini	8	57	0.9388145315487572	0.961352657004831	0.2985237128543944	0.9590361445783132	0.9636803874092009	0.8454545454545455
11	gini	8	57	0.9424184261036468	0.9620253164556962	0.35063701405634884	0.9718670076726342	0.9523809523809523	0.9098360655737705
7	gini	8	57	0.9441233140655106	0.9636135508155583	0.15263551248039828	0.9504950495049505	0.9770992366412213	0.8412698412698413
14	gini	8	58	0.9447731755424064	0.9628647214854111	0.27166712126822107	0.9654255319148937	0.9603174603174603	0.8992248062015504
3	gini	8	58	0.9476635514018692	0.9627659574468085	0.13057233927943612	0.9783783783783784	0.9476439790575916	0.9477124183006536
11	gini	8	58	0.9424184261036468	0.9620253164556962	0.35063701405634884	0.9718670076726342	0.9523809523809523	0.9098360655737705
2	gini	8	58	0.9341317365269461	0.9537166900420757	0.17069026585482874	0.947075208913649	0.96045197740113	0.8707482993197279
8	gini	8	58	0.935361216730038	0.9552631578947368	0.41615408478819327	0.952755905511811	0.9577836411609498	0.8775510204081632
11	gini	8	59	0.9424184261036468	0.9620253164556962	0.35063701405634884	0.9718670076726342	0.9523809523809523	0.9098360655737705
15	gini	8	59	0.9153846153846154	0.9351032448377581	0.333314385826686	0.9462686567164179	0.924198250728863	0.8983050847457628
4	gini	8	59	0.9434697855750487	0.9575402635431918	0.22366135763991815	0.956140350877193	0.9589442815249267	0.9127906976744186
5	gini	8	59	0.958904109589041	0.97165991902834	0.2680993515278057	0.9703504043126685	0.972972972972973	0.9219858156028369
2	gini	8	59	0.9341317365269461	0.9537166900420757	0.17069026585482874	0.947075208913649	0.96045197740113	0.8707482993197279
7	gini	8	60	0.9441233140655106	0.9636135508155583	0.15263551248039828	0.9504950495049505	0.9770992366412213	0.8412698412698413
9	gini	8	60	0.9127134724857685	0.9346590909090909	0.2565071517460498	0.9508670520231214	0.9189944134078212	0.8994082840236687
15	gini	8	60	0.9153846153846154	0.9351032448377581	0.333314385826686	0.9462686567164179	0.924198250728863	0.8983050847457628
3	gini	8	60	0.9476635514018692	0.9627659574468085	0.13057233927943612	0.9783783783783784	0.9476439790575916	0.9477124183006536
4	gini	8	60	0.9434697855750487	0.9575402635431918	0.22366135763991815	0.956140350877193	0.9589442815249267	0.9127906976744186
5	gini	8	61	0.958904109589041	0.97165991902834	0.2680993515278057	0.9703504043126685	0.972972972972973	0.9219858156028369
11	gini	8	61	0.9424184261036468	0.9620253164556962	0.35063701405634884	0.9718670076726342	0.9523809523809523	0.9098360655737705
8	gini	8	61	0.935361216730038	0.9552631578947368	0.41615408478819327	0.952755905511811	0.9577836411609498	0.8775510204081632
15	gini	8	61	0.9153846153846154	0.9351032448377581	0.333314385826686	0.9462686567164179	0.924198250728863	0.8983050847457628
13	gini	8	61	0.9388145315487572	0.961352657004831	0.2985237128543944	0.9590361445783132	0.9636803874092009	0.8454545454545455
8	gini	8	62	0.935361216730038	0.9552631578947368	0.41615408478819327	0.952755905511811	0.9577836411609498	0.8775510204081632
14	gini	8	62	0.9447731755424064	0.9628647214854111	0.27166712126822107	0.9654255319148937	0.9603174603174603	0.8992248062015504
5	gini	8	62	0.958904109589041	0.97165991902834	0.2680993515278057	0.9703504043126685	0.972972972972973	0.9219858156028369
4	gini	8	62	0.9434697855750487	0.9575402635431918	0.22366135763991815	0.956140350877193	0.9589442815249267	0.9127906976744186
7	gini	8	62	0.9441233140655106	0.9636135508155583	0.15263551248039828	0.9504950495049505	0.9770992366412213	0.8412698412698413
10	gini	8	63	0.9491833030852994	0.9642857142857143	0.1412365600971183	0.9692307692307692	0.9593908629441624	0.9235668789808917
12	gini	8	63	0.9339805825242719	0.9512893982808023	0.44465127865452175	0.9431818181818182	0.9595375722543352	0.8816568047337278
15	gini	8	63	0.9153846153846154	0.9351032448377581	0.333314385826686	0.9462686567164179	0.924198250728863	0.8983050847457628
5	gini	8	63	0.958904109589041	0.97165991902834	0.2680993515278057	0.9703504043126685	0.972972972972973	0.9219858156028369
8	gini	8	63	0.935361216730038	0.9552631578947368	0.41615408478819327	0.952755905511811	0.9577836411609498	0.8775510204081632
1	gini	8	64	0.9432048681541582	0.964735516372796	0.2945189692615555	0.9433497536945813	0.9871134020618557	0.780952380952381
13	gini	8	64	0.9388145315487572	0.961352657004831	0.2985237128543944	0.9590361445783132	0.9636803874092009	0.8454545454545455
6	gini	8	64	0.9389002036659878	0.9578651685393258	0.23682210791932826	0.9419889502762431	0.9742857142857143	0.851063829787234
10	gini	8	64	0.9491833030852994	0.9642857142857143	0.1412365600971183	0.9692307692307692	0.9593908629441624	0.9235668789808917
8	gini	8	64	0.935361216730038	0.9552631578947368	0.41615408478819327	0.952755905511811	0.9577836411609498	0.8775510204081632
13	gini	8	65	0.9388145315487572	0.961352657004831	0.2985237128543944	0.9590361445783132	0.9636803874092009	0.8454545454545455
5	gini	8	65	0.958904109589041	0.97165991902834	0.2680993515278057	0.9703504043126685	0.972972972972973	0.9219858156028369
6	gini	8	65	0.9389002036659878	0.9578651685393258	0.23682210791932826	0.9419889502762431	0.9742857142857143	0.851063829787234
2	gini	8	65	0.9341317365269461	0.9537166900420757	0.17069026585482874	0.947075208913649	0.96045197740113	0.8707482993197279
12	gini	8	65	0.9339805825242719	0.9512893982808023	0.44465127865452175	0.9431818181818182	0.9595375722543352	0.8816568047337278
12	gini	8	66	0.9339805825242719	0.9512893982808023	0.44465127865452175	0.9431818181818182	0.9595375722543352	0.8816568047337278
5	gini	8	66	0.958904109589041	0.97165991902834	0.2680993515278057	0.9703504043126685	0.972972972972973	0.9219858156028369
11	gini	8	66	0.9424184261036468	0.9620253164556962	0.35063701405634884	0.9718670076726342	0.9523809523809523	0.9098360655737705
14	gini	8	66	0.9447731755424064	0.9628647214854111	0.27166712126822107	0.9654255319148937	0.9603174603174603	0.8992248062015504
6	gini	8	66	0.9389002036659878	0.9578651685393258	0.23682210791932826	0.9419889502762431	0.9742857142857143	0.851063829787234
11	gini	8	67	0.9424184261036468	0.9620253164556962	0.35063701405634884	0.9718670076726342	0.9523809523809523	0.9098360655737705
5	gini	8	67	0.958904109589041	0.97165991902834	0.2680993515278057	0.9703504043126685	0.972972972972973	0.9219858156028369
15	gini	8	67	0.9153846153846154	0.9351032448377581	0.333314385826686	0.9462686567164179	0.924198250728863	0.8983050847457628
12	gini	8	67	0.9339805825242719	0.9512893982808023	0.44465127865452175	0.9431818181818182	0.9595375722543352	0.8816568047337278
7	gini	8	67	0.9441233140655106	0.9636135508155583	0.15263551248039828	0.9504950495049505	0.9770992366412213	0.8412698412698413
7	gini	8	68	0.9441233140655106	0.9636135508155583	0.15263551248039828	0.9504950495049505	0.9770992366412213	0.8412698412698413
14	gini	8	68	0.9447731755424064	0.9628647214854111	0.27166712126822107	0.9654255319148937	0.9603174603174603	0.8992248062015504
12	gini	8	68	0.9339805825242719	0.9512893982808023	0.44465127865452175	0.9431818181818182	0.9595375722543352	0.8816568047337278
3	gini	8	68	0.9476635514018692	0.9627659574468085	0.13057233927943612	0.9783783783783784	0.9476439790575916	0.9477124183006536
10	gini	8	68	0.9491833030852994	0.9642857142857143	0.1412365600971183	0.9692307692307692	0.9593908629441624	0.9235668789808917
11	gini	8	69	0.9424184261036468	0.9620253164556962	0.35063701405634884	0.9718670076726342	0.9523809523809523	0.9098360655737705
6	gini	8	69	0.9389002036659878	0.9578651685393258	0.23682210791932826	0.9419889502762431	0.9742857142857143	0.851063829787234
9	gini	8	69	0.9127134724857685	0.9346590909090909	0.2565071517460498	0.9508670520231214	0.9189944134078212	0.8994082840236687
7	gini	8	69	0.9441233140655106	0.9636135508155583	0.15263551248039828	0.9504950495049505	0.9770992366412213	0.8412698412698413
1	gini	8	69	0.9432048681541582	0.964735516372796	0.2945189692615555	0.9433497536945813	0.9871134020618557	0.780952380952381
13	gini	8	70	0.9388145315487572	0.961352657004831	0.2985237128543944	0.9590361445783132	0.9636803874092009	0.8454545454545455
4	gini	8	70	0.9434697855750487	0.9575402635431918	0.22366135763991815	0.956140350877193	0.9589442815249267	0.9127906976744186
14	gini	8	70	0.9447731755424064	0.9628647214854111	0.27166712126822107	0.9654255319148937	0.9603174603174603	0.8992248062015504
9	gini	8	70	0.9127134724857685	0.9346590909090909	0.2565071517460498	0.9508670520231214	0.9189944134078212	0.8994082840236687
10	gini	8	70	0.9491833030852994	0.9642857142857143	0.1412365600971183	0.9692307692307692	0.9593908629441624	0.9235668789808917
3	gini	8	71	0.9476635514018692	0.9627659574468085	0.13057233927943612	0.9783783783783784	0.9476439790575916	0.9477124183006536
1	gini	8	71	0.9432048681541582	0.964735516372796	0.2945189692615555	0.9433497536945813	0.9871134020618557	0.780952380952381
4	gini	8	71	0.9434697855750487	0.9575402635431918	0.22366135763991815	0.956140350877193	0.9589442815249267	0.9127906976744186
6	gini	8	71	0.9389002036659878	0.9578651685393258	0.23682210791932826	0.9419889502762431	0.9742857142857143	0.851063829787234
10	gini	8	71	0.9491833030852994	0.9642857142857143	0.1412365600971183	0.9692307692307692	0.9593908629441624	0.9235668789808917
1	gini	8	72	0.9432048681541582	0.964735516372796	0.2945189692615555	0.9433497536945813	0.9871134020618557	0.780952380952381
10	gini	8	72	0.9491833030852994	0.9642857142857143	0.1412365600971183	0.9692307692307692	0.9593908629441624	0.9235668789808917
4	gini	8	72	0.9434697855750487	0.9575402635431918	0.22366135763991815	0.956140350877193	0.9589442815249267	0.9127906976744186
9	gini	8	72	0.9127134724857685	0.9346590909090909	0.2565071517460498	0.9508670520231214	0.9189944134078212	0.8994082840236687
11	gini	8	72	0.9424184261036468	0.9620253164556962	0.35063701405634884	0.9718670076726342	0.9523809523809523	0.9098360655737705
2	gini	8	73	0.9341317365269461	0.9537166900420757	0.17069026585482874	0.947075208913649	0.96045197740113	0.8707482993197279
6	gini	8	73	0.9389002036659878	0.9578651685393258	0.23682210791932826	0.9419889502762431	0.9742857142857143	0.851063829787234
10	gini	8	73	0.9491833030852994	0.9642857142857143	0.1412365600971183	0.9692307692307692	0.9593908629441624	0.9235668789808917
3	gini	8	73	0.9476635514018692	0.9627659574468085	0.13057233927943612	0.9783783783783784	0.9476439790575916	0.9477124183006536
15	gini	8	73	0.9153846153846154	0.9351032448377581	0.333314385826686	0.9462686567164179	0.924198250728863	0.8983050847457628
2	gini	8	74	0.9341317365269461	0.9537166900420757	0.17069026585482874	0.947075208913649	0.96045197740113	0.8707482993197279
12	gini	8	74	0.9339805825242719	0.9512893982808023	0.44465127865452175	0.9431818181818182	0.9595375722543352	0.8816568047337278
14	gini	8	74	0.9447731755424064	0.9628647214854111	0.27166712126822107	0.9654255319148937	0.9603174603174603	0.8992248062015504
11	gini	8	74	0.9424184261036468	0.9620253164556962	0.35063701405634884	0.9718670076726342	0.9523809523809523	0.9098360655737705
13	gini	8	74	0.9388145315487572	0.961352657004831	0.2985237128543944	0.9590361445783132	0.9636803874092009	0.8454545454545455
14	gini	8	75	0.9447731755424064	0.9628647214854111	0.27166712126822107	0.9654255319148937	0.9603174603174603	0.8992248062015504
7	gini	8	75	0.9441233140655106	0.9636135508155583	0.15263551248039828	0.9504950495049505	0.9770992366412213	0.8412698412698413
5	gini	8	75	0.958904109589041	0.97165991902834	0.2680993515278057	0.9703504043126685	0.972972972972973	0.9219858156028369
11	gini	8	75	0.9424184261036468	0.9620253164556962	0.35063701405634884	0.9718670076726342	0.9523809523809523	0.9098360655737705
6	gini	8	75	0.9389002036659878	0.9578651685393258	0.23682210791932826	0.9419889502762431	0.9742857142857143	0.851063829787234
11	gini	8	76	0.9424184261036468	0.9620253164556962	0.35063701405634884	0.9718670076726342	0.9523809523809523	0.9098360655737705
15	gini	8	76	0.9153846153846154	0.9351032448377581	0.333314385826686	0.9462686567164179	0.924198250728863	0.8983050847457628
7	gini	8	76	0.9441233140655106	0.9636135508155583	0.15263551248039828	0.9504950495049505	0.9770992366412213	0.8412698412698413
2	gini	8	76	0.9341317365269461	0.9537166900420757	0.17069026585482874	0.947075208913649	0.96045197740113	0.8707482993197279
6	gini	8	76	0.9389002036659878	0.9578651685393258	0.23682210791932826	0.9419889502762431	0.9742857142857143	0.851063829787234
6	gini	8	77	0.9389002036659878	0.9578651685393258	0.23682210791932826	0.9419889502762431	0.9742857142857143	0.851063829787234
9	gini	8	77	0.9127134724857685	0.9346590909090909	0.2565071517460498	0.9508670520231214	0.9189944134078212	0.8994082840236687
14	gini	8	77	0.9447731755424064	0.9628647214854111	0.27166712126822107	0.9654255319148937	0.9603174603174603	0.8992248062015504
2	gini	8	77	0.9341317365269461	0.9537166900420757	0.17069026585482874	0.947075208913649	0.96045197740113	0.8707482993197279
13	gini	8	77	0.9388145315487572	0.961352657004831	0.2985237128543944	0.9590361445783132	0.9636803874092009	0.8454545454545455
15	gini	8	78	0.9153846153846154	0.9351032448377581	0.333314385826686	0.9462686567164179	0.924198250728863	0.8983050847457628
14	gini	8	78	0.9447731755424064	0.9628647214854111	0.27166712126822107	0.9654255319148937	0.9603174603174603	0.8992248062015504
1	gini	8	78	0.9432048681541582	0.964735516372796	0.2945189692615555	0.9433497536945813	0.9871134020618557	0.780952380952381
3	gini	8	78	0.9476635514018692	0.9627659574468085	0.13057233927943612	0.9783783783783784	0.9476439790575916	0.9477124183006536
6	gini	8	78	0.9389002036659878	0.9578651685393258	0.23682210791932826	0.9419889502762431	0.9742857142857143	0.851063829787234
5	gini	8	79	0.958904109589041	0.97165991902834	0.2680993515278057	0.9703504043126685	0.972972972972973	0.9219858156028369
15	gini	8	79	0.9153846153846154	0.9351032448377581	0.333314385826686	0.9462686567164179	0.924198250728863	0.8983050847457628
13	gini	8	79	0.9388145315487572	0.961352657004831	0.2985237128543944	0.9590361445783132	0.9636803874092009	0.8454545454545455
3	gini	8	79	0.9476635514018692	0.9627659574468085	0.13057233927943612	0.9783783783783784	0.9476439790575916	0.9477124183006536
6	gini	8	79	0.9389002036659878	0.9578651685393258	0.23682210791932826	0.9419889502762431	0.9742857142857143	0.851063829787234
7	gini	8	80	0.9441233140655106	0.9636135508155583	0.15263551248039828	0.9504950495049505	0.9770992366412213	0.8412698412698413
4	gini	8	80	0.9434697855750487	0.9575402635431918	0.22366135763991815	0.956140350877193	0.9589442815249267	0.9127906976744186
8	gini	8	80	0.935361216730038	0.9552631578947368	0.41615408478819327	0.952755905511811	0.9577836411609498	0.8775510204081632
10	gini	8	80	0.9491833030852994	0.9642857142857143	0.1412365600971183	0.9692307692307692	0.9593908629441624	0.9235668789808917
5	gini	8	80	0.958904109589041	0.97165991902834	0.2680993515278057	0.9703504043126685	0.972972972972973	0.9219858156028369
5	gini	8	81	0.958904109589041	0.97165991902834	0.2680993515278057	0.9703504043126685	0.972972972972973	0.9219858156028369
1	gini	8	81	0.9432048681541582	0.964735516372796	0.2945189692615555	0.9433497536945813	0.9871134020618557	0.780952380952381
4	gini	8	81	0.9434697855750487	0.9575402635431918	0.22366135763991815	0.956140350877193	0.9589442815249267	0.9127906976744186
3	gini	8	81	0.9476635514018692	0.9627659574468085	0.13057233927943612	0.9783783783783784	0.9476439790575916	0.9477124183006536
14	gini	8	81	0.9447731755424064	0.9628647214854111	0.27166712126822107	0.9654255319148937	0.9603174603174603	0.8992248062015504
7	gini	8	82	0.9441233140655106	0.9636135508155583	0.15263551248039828	0.9504950495049505	0.9770992366412213	0.8412698412698413
14	gini	8	82	0.9447731755424064	0.9628647214854111	0.27166712126822107	0.9654255319148937	0.9603174603174603	0.8992248062015504
1	gini	8	82	0.9432048681541582	0.964735516372796	0.2945189692615555	0.9433497536945813	0.9871134020618557	0.780952380952381
12	gini	8	82	0.9339805825242719	0.9512893982808023	0.44465127865452175	0.9431818181818182	0.9595375722543352	0.8816568047337278
15	gini	8	82	0.9153846153846154	0.9351032448377581	0.333314385826686	0.9462686567164179	0.924198250728863	0.8983050847457628
6	gini	8	83	0.9389002036659878	0.9578651685393258	0.23682210791932826	0.9419889502762431	0.9742857142857143	0.851063829787234
7	gini	8	83	0.9441233140655106	0.9636135508155583	0.15263551248039828	0.9504950495049505	0.9770992366412213	0.8412698412698413
14	gini	8	83	0.9447731755424064	0.9628647214854111	0.27166712126822107	0.9654255319148937	0.9603174603174603	0.8992248062015504
12	gini	8	83	0.9339805825242719	0.9512893982808023	0.44465127865452175	0.9431818181818182	0.9595375722543352	0.8816568047337278
2	gini	8	83	0.9341317365269461	0.9537166900420757	0.17069026585482874	0.947075208913649	0.96045197740113	0.8707482993197279
2	gini	8	84	0.9341317365269461	0.9537166900420757	0.17069026585482874	0.947075208913649	0.96045197740113	0.8707482993197279
12	gini	8	84	0.9339805825242719	0.9512893982808023	0.44465127865452175	0.9431818181818182	0.9595375722543352	0.8816568047337278
15	gini	8	84	0.9153846153846154	0.9351032448377581	0.333314385826686	0.9462686567164179	0.924198250728863	0.8983050847457628
11	gini	8	84	0.9424184261036468	0.9620253164556962	0.35063701405634884	0.9718670076726342	0.9523809523809523	0.9098360655737705
9	gini	8	84	0.9127134724857685	0.9346590909090909	0.2565071517460498	0.9508670520231214	0.9189944134078212	0.8994082840236687
13	gini	8	85	0.9388145315487572	0.961352657004831	0.2985237128543944	0.9590361445783132	0.9636803874092009	0.8454545454545455
8	gini	8	85	0.935361216730038	0.9552631578947368	0.41615408478819327	0.952755905511811	0.9577836411609498	0.8775510204081632
11	gini	8	85	0.9424184261036468	0.9620253164556962	0.35063701405634884	0.9718670076726342	0.9523809523809523	0.9098360655737705
3	gini	8	85	0.9476635514018692	0.9627659574468085	0.13057233927943612	0.9783783783783784	0.9476439790575916	0.9477124183006536
12	gini	8	85	0.9339805825242719	0.9512893982808023	0.44465127865452175	0.9431818181818182	0.9595375722543352	0.8816568047337278
1	gini	8	86	0.9432048681541582	0.964735516372796	0.2945189692615555	0.9433497536945813	0.9871134020618557	0.780952380952381
6	gini	8	86	0.9389002036659878	0.9578651685393258	0.23682210791932826	0.9419889502762431	0.9742857142857143	0.851063829787234
9	gini	8	86	0.9127134724857685	0.9346590909090909	0.2565071517460498	0.9508670520231214	0.9189944134078212	0.8994082840236687
10	gini	8	86	0.9491833030852994	0.9642857142857143	0.1412365600971183	0.9692307692307692	0.9593908629441624	0.9235668789808917
2	gini	8	86	0.9341317365269461	0.9537166900420757	0.17069026585482874	0.947075208913649	0.96045197740113	0.8707482993197279
15	gini	8	87	0.9153846153846154	0.9351032448377581	0.333314385826686	0.9462686567164179	0.924198250728863	0.8983050847457628
13	gini	8	87	0.9388145315487572	0.961352657004831	0.2985237128543944	0.9590361445783132	0.9636803874092009	0.8454545454545455
4	gini	8	87	0.9434697855750487	0.9575402635431918	0.22366135763991815	0.956140350877193	0.9589442815249267	0.9127906976744186
11	gini	8	87	0.9424184261036468	0.9620253164556962	0.35063701405634884	0.9718670076726342	0.9523809523809523	0.9098360655737705
10	gini	8	87	0.9491833030852994	0.9642857142857143	0.1412365600971183	0.9692307692307692	0.9593908629441624	0.9235668789808917
10	gini	8	88	0.9491833030852994	0.9642857142857143	0.1412365600971183	0.9692307692307692	0.9593908629441624	0.9235668789808917
8	gini	8	88	0.935361216730038	0.9552631578947368	0.41615408478819327	0.952755905511811	0.9577836411609498	0.8775510204081632
9	gini	8	88	0.9127134724857685	0.9346590909090909	0.2565071517460498	0.9508670520231214	0.9189944134078212	0.8994082840236687
14	gini	8	88	0.9447731755424064	0.9628647214854111	0.27166712126822107	0.9654255319148937	0.9603174603174603	0.8992248062015504
3	gini	8	88	0.9476635514018692	0.9627659574468085	0.13057233927943612	0.9783783783783784	0.9476439790575916	0.9477124183006536
6	gini	8	89	0.9389002036659878	0.9578651685393258	0.23682210791932826	0.9419889502762431	0.9742857142857143	0.851063829787234
10	gini	8	89	0.9491833030852994	0.9642857142857143	0.1412365600971183	0.9692307692307692	0.9593908629441624	0.9235668789808917
3	gini	8	89	0.9476635514018692	0.9627659574468085	0.13057233927943612	0.9783783783783784	0.9476439790575916	0.9477124183006536
11	gini	8	89	0.9424184261036468	0.9620253164556962	0.35063701405634884	0.9718670076726342	0.9523809523809523	0.9098360655737705
2	gini	8	89	0.9341317365269461	0.9537166900420757	0.17069026585482874	0.947075208913649	0.96045197740113	0.8707482993197279
14	gini	8	90	0.9447731755424064	0.9628647214854111	0.27166712126822107	0.9654255319148937	0.9603174603174603	0.8992248062015504
9	gini	8	90	0.9127134724857685	0.9346590909090909	0.2565071517460498	0.9508670520231214	0.9189944134078212	0.8994082840236687
5	gini	8	90	0.958904109589041	0.97165991902834	0.2680993515278057	0.9703504043126685	0.972972972972973	0.9219858156028369
6	gini	8	90	0.9389002036659878	0.9578651685393258	0.23682210791932826	0.9419889502762431	0.9742857142857143	0.851063829787234
1	gini	8	90	0.9432048681541582	0.964735516372796	0.2945189692615555	0.9433497536945813	0.9871134020618557	0.780952380952381
7	gini	8	91	0.9441233140655106	0.9636135508155583	0.15263551248039828	0.9504950495049505	0.9770992366412213	0.8412698412698413
12	gini	8	91	0.9339805825242719	0.9512893982808023	0.44465127865452175	0.9431818181818182	0.9595375722543352	0.8816568047337278
13	gini	8	91	0.9388145315487572	0.961352657004831	0.2985237128543944	0.9590361445783132	0.9636803874092009	0.8454545454545455
10	gini	8	91	0.9491833030852994	0.9642857142857143	0.1412365600971183	0.9692307692307692	0.9593908629441624	0.9235668789808917
3	gini	8	91	0.9476635514018692	0.9627659574468085	0.13057233927943612	0.9783783783783784	0.9476439790575916	0.9477124183006536
5	gini	8	92	0.958904109589041	0.97165991902834	0.2680993515278057	0.9703504043126685	0.972972972972973	0.9219858156028369
8	gini	8	92	0.935361216730038	0.9552631578947368	0.41615408478819327	0.952755905511811	0.9577836411609498	0.8775510204081632
9	gini	8	92	0.9127134724857685	0.9346590909090909	0.2565071517460498	0.9508670520231214	0.9189944134078212	0.8994082840236687
4	gini	8	92	0.9434697855750487	0.9575402635431918	0.22366135763991815	0.956140350877193	0.9589442815249267	0.9127906976744186
15	gini	8	92	0.9153846153846154	0.9351032448377581	0.333314385826686	0.9462686567164179	0.924198250728863	0.8983050847457628
8	gini	8	93	0.935361216730038	0.9552631578947368	0.41615408478819327	0.952755905511811	0.9577836411609498	0.8775510204081632
5	gini	8	93	0.958904109589041	0.97165991902834	0.2680993515278057	0.9703504043126685	0.972972972972973	0.9219858156028369
14	gini	8	93	0.9447731755424064	0.9628647214854111	0.27166712126822107	0.9654255319148937	0.9603174603174603	0.8992248062015504
11	gini	8	93	0.9424184261036468	0.9620253164556962	0.35063701405634884	0.9718670076726342	0.9523809523809523	0.9098360655737705
1	gini	8	93	0.9432048681541582	0.964735516372796	0.2945189692615555	0.9433497536945813	0.9871134020618557	0.780952380952381
8	gini	8	94	0.935361216730038	0.9552631578947368	0.41615408478819327	0.952755905511811	0.9577836411609498	0.8775510204081632
2	gini	8	94	0.9341317365269461	0.9537166900420757	0.17069026585482874	0.947075208913649	0.96045197740113	0.8707482993197279
1	gini	8	94	0.9432048681541582	0.964735516372796	0.2945189692615555	0.9433497536945813	0.9871134020618557	0.780952380952381
4	gini	8	94	0.9434697855750487	0.9575402635431918	0.22366135763991815	0.956140350877193	0.9589442815249267	0.9127906976744186
6	gini	8	94	0.9389002036659878	0.9578651685393258	0.23682210791932826	0.9419889502762431	0.9742857142857143	0.851063829787234
15	gini	8	95	0.9153846153846154	0.9351032448377581	0.333314385826686	0.9462686567164179	0.924198250728863	0.8983050847457628
8	gini	8	95	0.935361216730038	0.9552631578947368	0.41615408478819327	0.952755905511811	0.9577836411609498	0.8775510204081632
1	gini	8	95	0.9432048681541582	0.964735516372796	0.2945189692615555	0.9433497536945813	0.9871134020618557	0.780952380952381
5	gini	8	95	0.958904109589041	0.97165991902834	0.2680993515278057	0.9703504043126685	0.972972972972973	0.9219858156028369
3	gini	8	95	0.9476635514018692	0.9627659574468085	0.13057233927943612	0.9783783783783784	0.9476439790575916	0.9477124183006536
1	gini	8	96	0.9432048681541582	0.964735516372796	0.2945189692615555	0.9433497536945813	0.9871134020618557	0.780952380952381
2	gini	8	96	0.9341317365269461	0.9537166900420757	0.17069026585482874	0.947075208913649	0.96045197740113	0.8707482993197279
4	gini	8	96	0.9434697855750487	0.9575402635431918	0.22366135763991815	0.956140350877193	0.9589442815249267	0.9127906976744186
7	gini	8	96	0.9441233140655106	0.9636135508155583	0.15263551248039828	0.9504950495049505	0.9770992366412213	0.8412698412698413
5	gini	8	96	0.958904109589041	0.97165991902834	0.2680993515278057	0.9703504043126685	0.972972972972973	0.9219858156028369
1	gini	8	97	0.9432048681541582	0.964735516372796	0.2945189692615555	0.9433497536945813	0.9871134020618557	0.780952380952381
6	gini	8	97	0.9389002036659878	0.9578651685393258	0.23682210791932826	0.9419889502762431	0.9742857142857143	0.851063829787234
10	gini	8	97	0.9491833030852994	0.9642857142857143	0.1412365600971183	0.9692307692307692	0.9593908629441624	0.9235668789808917
7	gini	8	97	0.9441233140655106	0.9636135508155583	0.15263551248039828	0.9504950495049505	0.9770992366412213	0.8412698412698413
4	gini	8	97	0.9434697855750487	0.9575402635431918	0.22366135763991815	0.956140350877193	0.9589442815249267	0.9127906976744186
5	gini	8	98	0.958904109589041	0.97165991902834	0.2680993515278057	0.9703504043126685	0.972972972972973	0.9219858156028369
6	gini	8	98	0.9389002036659878	0.9578651685393258	0.23682210791932826	0.9419889502762431	0.9742857142857143	0.851063829787234
11	gini	8	98	0.9424184261036468	0.9620253164556962	0.35063701405634884	0.9718670076726342	0.9523809523809523	0.9098360655737705
7	gini	8	98	0.9441233140655106	0.9636135508155583	0.15263551248039828	0.9504950495049505	0.9770992366412213	0.8412698412698413
1	gini	8	98	0.9432048681541582	0.964735516372796	0.2945189692615555	0.9433497536945813	0.9871134020618557	0.780952380952381
11	gini	8	99	0.9424184261036468	0.9620253164556962	0.35063701405634884	0.9718670076726342	0.9523809523809523	0.9098360655737705
12	gini	8	99	0.9339805825242719	0.9512893982808023	0.44465127865452175	0.9431818181818182	0.9595375722543352	0.8816568047337278
8	gini	8	99	0.935361216730038	0.9552631578947368	0.41615408478819327	0.952755905511811	0.9577836411609498	0.8775510204081632
15	gini	8	99	0.9153846153846154	0.9351032448377581	0.333314385826686	0.9462686567164179	0.924198250728863	0.8983050847457628
3	gini	8	99	0.9476635514018692	0.9627659574468085	0.13057233927943612	0.9783783783783784	0.9476439790575916	0.9477124183006536
1	gini	8	100	0.9432048681541582	0.964735516372796	0.2945189692615555	0.9433497536945813	0.9871134020618557	0.780952380952381
11	gini	8	100	0.9424184261036468	0.9620253164556962	0.35063701405634884	0.9718670076726342	0.9523809523809523	0.9098360655737705
5	gini	8	100	0.958904109589041	0.97165991902834	0.2680993515278057	0.9703504043126685	0.972972972972973	0.9219858156028369
4	gini	8	100	0.9434697855750487	0.9575402635431918	0.22366135763991815	0.956140350877193	0.9589442815249267	0.9127906976744186
13	gini	8	100	0.9388145315487572	0.961352657004831	0.2985237128543944	0.9590361445783132	0.9636803874092009	0.8454545454545455
13	gini	8	101	0.9388145315487572	0.961352657004831	0.2985237128543944	0.9590361445783132	0.9636803874092009	0.8454545454545455
8	gini	8	101	0.935361216730038	0.9552631578947368	0.41615408478819327	0.952755905511811	0.9577836411609498	0.8775510204081632
6	gini	8	101	0.9389002036659878	0.9578651685393258	0.23682210791932826	0.9419889502762431	0.9742857142857143	0.851063829787234
3	gini	8	101	0.9476635514018692	0.9627659574468085	0.13057233927943612	0.9783783783783784	0.9476439790575916	0.9477124183006536
12	gini	8	101	0.9339805825242719	0.9512893982808023	0.44465127865452175	0.9431818181818182	0.9595375722543352	0.8816568047337278
5	gini	8	102	0.958904109589041	0.97165991902834	0.2680993515278057	0.9703504043126685	0.972972972972973	0.9219858156028369
11	gini	8	102	0.9424184261036468	0.9620253164556962	0.35063701405634884	0.9718670076726342	0.9523809523809523	0.9098360655737705
8	gini	8	102	0.935361216730038	0.9552631578947368	0.41615408478819327	0.952755905511811	0.9577836411609498	0.8775510204081632
6	gini	8	102	0.9389002036659878	0.9578651685393258	0.23682210791932826	0.9419889502762431	0.9742857142857143	0.851063829787234
13	gini	8	102	0.9388145315487572	0.961352657004831	0.2985237128543944	0.9590361445783132	0.9636803874092009	0.8454545454545455
15	gini	8	103	0.9153846153846154	0.9351032448377581	0.333314385826686	0.9462686567164179	0.924198250728863	0.8983050847457628
11	gini	8	103	0.9424184261036468	0.9620253164556962	0.35063701405634884	0.9718670076726342	0.9523809523809523	0.9098360655737705
6	gini	8	103	0.9389002036659878	0.9578651685393258	0.23682210791932826	0.9419889502762431	0.9742857142857143	0.851063829787234
7	gini	8	103	0.9441233140655106	0.9636135508155583	0.15263551248039828	0.9504950495049505	0.9770992366412213	0.8412698412698413
9	gini	8	103	0.9127134724857685	0.9346590909090909	0.2565071517460498	0.9508670520231214	0.9189944134078212	0.8994082840236687
3	gini	8	104	0.9476635514018692	0.9627659574468085	0.13057233927943612	0.9783783783783784	0.9476439790575916	0.9477124183006536
6	gini	8	104	0.9389002036659878	0.9578651685393258	0.23682210791932826	0.9419889502762431	0.9742857142857143	0.851063829787234
11	gini	8	104	0.9424184261036468	0.9620253164556962	0.35063701405634884	0.9718670076726342	0.9523809523809523	0.9098360655737705
8	gini	8	104	0.935361216730038	0.9552631578947368	0.41615408478819327	0.952755905511811	0.9577836411609498	0.8775510204081632
10	gini	8	104	0.9491833030852994	0.9642857142857143	0.1412365600971183	0.9692307692307692	0.9593908629441624	0.9235668789808917
2	gini	8	105	0.9341317365269461	0.9537166900420757	0.17069026585482874	0.947075208913649	0.96045197740113	0.8707482993197279
14	gini	8	105	0.9447731755424064	0.9628647214854111	0.27166712126822107	0.9654255319148937	0.9603174603174603	0.8992248062015504
9	gini	8	105	0.9127134724857685	0.9346590909090909	0.2565071517460498	0.9508670520231214	0.9189944134078212	0.8994082840236687
8	gini	8	105	0.935361216730038	0.9552631578947368	0.41615408478819327	0.952755905511811	0.9577836411609498	0.8775510204081632
7	gini	8	105	0.9441233140655106	0.9636135508155583	0.15263551248039828	0.9504950495049505	0.9770992366412213	0.8412698412698413
14	gini	8	106	0.9447731755424064	0.9628647214854111	0.27166712126822107	0.9654255319148937	0.9603174603174603	0.8992248062015504
6	gini	8	106	0.9389002036659878	0.9578651685393258	0.23682210791932826	0.9419889502762431	0.9742857142857143	0.851063829787234
13	gini	8	106	0.9388145315487572	0.961352657004831	0.2985237128543944	0.9590361445783132	0.9636803874092009	0.8454545454545455
2	gini	8	106	0.9341317365269461	0.9537166900420757	0.17069026585482874	0.947075208913649	0.96045197740113	0.8707482993197279
11	gini	8	106	0.9424184261036468	0.9620253164556962	0.35063701405634884	0.9718670076726342	0.9523809523809523	0.9098360655737705
3	gini	8	107	0.9476635514018692	0.9627659574468085	0.13057233927943612	0.9783783783783784	0.9476439790575916	0.9477124183006536
8	gini	8	107	0.935361216730038	0.9552631578947368	0.41615408478819327	0.952755905511811	0.9577836411609498	0.8775510204081632
15	gini	8	107	0.9153846153846154	0.9351032448377581	0.333314385826686	0.9462686567164179	0.924198250728863	0.8983050847457628
13	gini	8	107	0.9388145315487572	0.961352657004831	0.2985237128543944	0.9590361445783132	0.9636803874092009	0.8454545454545455
4	gini	8	107	0.9434697855750487	0.9575402635431918	0.22366135763991815	0.956140350877193	0.9589442815249267	0.9127906976744186
13	gini	8	108	0.9388145315487572	0.961352657004831	0.2985237128543944	0.9590361445783132	0.9636803874092009	0.8454545454545455
3	gini	8	108	0.9476635514018692	0.9627659574468085	0.13057233927943612	0.9783783783783784	0.9476439790575916	0.9477124183006536
2	gini	8	108	0.9341317365269461	0.9537166900420757	0.17069026585482874	0.947075208913649	0.96045197740113	0.8707482993197279
7	gini	8	108	0.9441233140655106	0.9636135508155583	0.15263551248039828	0.9504950495049505	0.9770992366412213	0.8412698412698413
10	gini	8	108	0.9491833030852994	0.9642857142857143	0.1412365600971183	0.9692307692307692	0.9593908629441624	0.9235668789808917
5	gini	8	109	0.958904109589041	0.97165991902834	0.2680993515278057	0.9703504043126685	0.972972972972973	0.9219858156028369
14	gini	8	109	0.9447731755424064	0.9628647214854111	0.27166712126822107	0.9654255319148937	0.9603174603174603	0.8992248062015504
2	gini	8	109	0.9341317365269461	0.9537166900420757	0.17069026585482874	0.947075208913649	0.96045197740113	0.8707482993197279
3	gini	8	109	0.9476635514018692	0.9627659574468085	0.13057233927943612	0.9783783783783784	0.9476439790575916	0.9477124183006536
9	gini	8	109	0.9127134724857685	0.9346590909090909	0.2565071517460498	0.9508670520231214	0.9189944134078212	0.8994082840236687
9	gini	8	110	0.9127134724857685	0.9346590909090909	0.2565071517460498	0.9508670520231214	0.9189944134078212	0.8994082840236687
10	gini	8	110	0.9491833030852994	0.9642857142857143	0.1412365600971183	0.9692307692307692	0.9593908629441624	0.9235668789808917
11	gini	8	110	0.9424184261036468	0.9620253164556962	0.35063701405634884	0.9718670076726342	0.9523809523809523	0.9098360655737705
5	gini	8	110	0.958904109589041	0.97165991902834	0.2680993515278057	0.9703504043126685	0.972972972972973	0.9219858156028369
2	gini	8	110	0.9341317365269461	0.9537166900420757	0.17069026585482874	0.947075208913649	0.96045197740113	0.8707482993197279
13	gini	8	111	0.9388145315487572	0.961352657004831	0.2985237128543944	0.9590361445783132	0.9636803874092009	0.8454545454545455
10	gini	8	111	0.9491833030852994	0.9642857142857143	0.1412365600971183	0.9692307692307692	0.9593908629441624	0.9235668789808917
7	gini	8	111	0.9441233140655106	0.9636135508155583	0.15263551248039828	0.9504950495049505	0.9770992366412213	0.8412698412698413
4	gini	8	111	0.9434697855750487	0.9575402635431918	0.22366135763991815	0.956140350877193	0.9589442815249267	0.9127906976744186
11	gini	8	111	0.9424184261036468	0.9620253164556962	0.35063701405634884	0.9718670076726342	0.9523809523809523	0.9098360655737705
3	gini	8	112	0.9476635514018692	0.9627659574468085	0.13057233927943612	0.9783783783783784	0.9476439790575916	0.9477124183006536
8	gini	8	112	0.935361216730038	0.9552631578947368	0.41615408478819327	0.952755905511811	0.9577836411609498	0.8775510204081632
14	gini	8	112	0.9447731755424064	0.9628647214854111	0.27166712126822107	0.9654255319148937	0.9603174603174603	0.8992248062015504
7	gini	8	112	0.9441233140655106	0.9636135508155583	0.15263551248039828	0.9504950495049505	0.9770992366412213	0.8412698412698413
12	gini	8	112	0.9339805825242719	0.9512893982808023	0.44465127865452175	0.9431818181818182	0.9595375722543352	0.8816568047337278
4	gini	8	113	0.9434697855750487	0.9575402635431918	0.22366135763991815	0.956140350877193	0.9589442815249267	0.9127906976744186
2	gini	8	113	0.9341317365269461	0.9537166900420757	0.17069026585482874	0.947075208913649	0.96045197740113	0.8707482993197279
8	gini	8	113	0.935361216730038	0.9552631578947368	0.41615408478819327	0.952755905511811	0.9577836411609498	0.8775510204081632
3	gini	8	113	0.9476635514018692	0.9627659574468085	0.13057233927943612	0.9783783783783784	0.9476439790575916	0.9477124183006536
5	gini	8	113	0.958904109589041	0.97165991902834	0.2680993515278057	0.9703504043126685	0.972972972972973	0.9219858156028369
14	gini	8	114	0.9447731755424064	0.9628647214854111	0.27166712126822107	0.9654255319148937	0.9603174603174603	0.8992248062015504
13	gini	8	114	0.9388145315487572	0.961352657004831	0.2985237128543944	0.9590361445783132	0.9636803874092009	0.8454545454545455
9	gini	8	114	0.9127134724857685	0.9346590909090909	0.2565071517460498	0.9508670520231214	0.9189944134078212	0.8994082840236687
5	gini	8	114	0.958904109589041	0.97165991902834	0.2680993515278057	0.9703504043126685	0.972972972972973	0.9219858156028369
8	gini	8	114	0.935361216730038	0.9552631578947368	0.41615408478819327	0.952755905511811	0.9577836411609498	0.8775510204081632
3	gini	8	115	0.9476635514018692	0.9627659574468085	0.13057233927943612	0.9783783783783784	0.9476439790575916	0.9477124183006536
2	gini	8	115	0.9341317365269461	0.9537166900420757	0.17069026585482874	0.947075208913649	0.96045197740113	0.8707482993197279
9	gini	8	115	0.9127134724857685	0.9346590909090909	0.2565071517460498	0.9508670520231214	0.9189944134078212	0.8994082840236687
7	gini	8	115	0.9441233140655106	0.9636135508155583	0.15263551248039828	0.9504950495049505	0.9770992366412213	0.8412698412698413
1	gini	8	115	0.9432048681541582	0.964735516372796	0.2945189692615555	0.9433497536945813	0.9871134020618557	0.780952380952381
8	gini	8	116	0.935361216730038	0.9552631578947368	0.41615408478819327	0.952755905511811	0.9577836411609498	0.8775510204081632
14	gini	8	116	0.9447731755424064	0.9628647214854111	0.27166712126822107	0.9654255319148937	0.9603174603174603	0.8992248062015504
9	gini	8	116	0.9127134724857685	0.9346590909090909	0.2565071517460498	0.9508670520231214	0.9189944134078212	0.8994082840236687
5	gini	8	116	0.958904109589041	0.97165991902834	0.2680993515278057	0.9703504043126685	0.972972972972973	0.9219858156028369
7	gini	8	116	0.9441233140655106	0.9636135508155583	0.15263551248039828	0.9504950495049505	0.9770992366412213	0.8412698412698413
13	gini	8	117	0.9388145315487572	0.961352657004831	0.2985237128543944	0.9590361445783132	0.9636803874092009	0.8454545454545455
3	gini	8	117	0.9476635514018692	0.9627659574468085	0.13057233927943612	0.9783783783783784	0.9476439790575916	0.9477124183006536
9	gini	8	117	0.9127134724857685	0.9346590909090909	0.2565071517460498	0.9508670520231214	0.9189944134078212	0.8994082840236687
1	gini	8	117	0.9432048681541582	0.964735516372796	0.2945189692615555	0.9433497536945813	0.9871134020618557	0.780952380952381
14	gini	8	117	0.9447731755424064	0.9628647214854111	0.27166712126822107	0.9654255319148937	0.9603174603174603	0.8992248062015504
13	gini	8	118	0.9388145315487572	0.961352657004831	0.2985237128543944	0.9590361445783132	0.9636803874092009	0.8454545454545455
9	gini	8	118	0.9127134724857685	0.9346590909090909	0.2565071517460498	0.9508670520231214	0.9189944134078212	0.8994082840236687
8	gini	8	118	0.935361216730038	0.9552631578947368	0.41615408478819327	0.952755905511811	0.9577836411609498	0.8775510204081632
14	gini	8	118	0.9447731755424064	0.9628647214854111	0.27166712126822107	0.9654255319148937	0.9603174603174603	0.8992248062015504
15	gini	8	118	0.9153846153846154	0.9351032448377581	0.333314385826686	0.9462686567164179	0.924198250728863	0.8983050847457628
11	gini	8	119	0.9424184261036468	0.9620253164556962	0.35063701405634884	0.9718670076726342	0.9523809523809523	0.9098360655737705
10	gini	8	119	0.9491833030852994	0.9642857142857143	0.1412365600971183	0.9692307692307692	0.9593908629441624	0.9235668789808917
12	gini	8	119	0.9339805825242719	0.9512893982808023	0.44465127865452175	0.9431818181818182	0.9595375722543352	0.8816568047337278
13	gini	8	119	0.9388145315487572	0.961352657004831	0.2985237128543944	0.9590361445783132	0.9636803874092009	0.8454545454545455
14	gini	8	119	0.9447731755424064	0.9628647214854111	0.27166712126822107	0.9654255319148937	0.9603174603174603	0.8992248062015504
3	gini	8	120	0.9476635514018692	0.9627659574468085	0.13057233927943612	0.9783783783783784	0.9476439790575916	0.9477124183006536
1	gini	8	120	0.9432048681541582	0.964735516372796	0.2945189692615555	0.9433497536945813	0.9871134020618557	0.780952380952381
7	gini	8	120	0.9441233140655106	0.9636135508155583	0.15263551248039828	0.9504950495049505	0.9770992366412213	0.8412698412698413
8	gini	8	120	0.935361216730038	0.9552631578947368	0.41615408478819327	0.952755905511811	0.9577836411609498	0.8775510204081632
6	gini	8	120	0.9389002036659878	0.9578651685393258	0.23682210791932826	0.9419889502762431	0.9742857142857143	0.851063829787234
6	gini	8	121	0.9389002036659878	0.9578651685393258	0.23682210791932826	0.9419889502762431	0.9742857142857143	0.851063829787234
9	gini	8	121	0.9127134724857685	0.9346590909090909	0.2565071517460498	0.9508670520231214	0.9189944134078212	0.8994082840236687
8	gini	8	121	0.935361216730038	0.9552631578947368	0.41615408478819327	0.952755905511811	0.9577836411609498	0.8775510204081632
3	gini	8	121	0.9476635514018692	0.9627659574468085	0.13057233927943612	0.9783783783783784	0.9476439790575916	0.9477124183006536
7	gini	8	121	0.9441233140655106	0.9636135508155583	0.15263551248039828	0.9504950495049505	0.9770992366412213	0.8412698412698413
12	gini	8	122	0.9339805825242719	0.9512893982808023	0.44465127865452175	0.9431818181818182	0.9595375722543352	0.8816568047337278
15	gini	8	122	0.9153846153846154	0.9351032448377581	0.333314385826686	0.9462686567164179	0.924198250728863	0.8983050847457628
8	gini	8	122	0.935361216730038	0.9552631578947368	0.41615408478819327	0.952755905511811	0.9577836411609498	0.8775510204081632
4	gini	8	122	0.9434697855750487	0.9575402635431918	0.22366135763991815	0.956140350877193	0.9589442815249267	0.9127906976744186
13	gini	8	122	0.9388145315487572	0.961352657004831	0.2985237128543944	0.9590361445783132	0.9636803874092009	0.8454545454545455
8	gini	8	123	0.935361216730038	0.9552631578947368	0.41615408478819327	0.952755905511811	0.9577836411609498	0.8775510204081632
5	gini	8	123	0.958904109589041	0.97165991902834	0.2680993515278057	0.9703504043126685	0.972972972972973	0.9219858156028369
6	gini	8	123	0.9389002036659878	0.9578651685393258	0.23682210791932826	0.9419889502762431	0.9742857142857143	0.851063829787234
14	gini	8	123	0.9447731755424064	0.9628647214854111	0.27166712126822107	0.9654255319148937	0.9603174603174603	0.8992248062015504
11	gini	8	123	0.9424184261036468	0.9620253164556962	0.35063701405634884	0.9718670076726342	0.9523809523809523	0.9098360655737705
11	gini	8	124	0.9424184261036468	0.9620253164556962	0.35063701405634884	0.9718670076726342	0.9523809523809523	0.9098360655737705
7	gini	8	124	0.9441233140655106	0.9636135508155583	0.15263551248039828	0.9504950495049505	0.9770992366412213	0.8412698412698413
2	gini	8	124	0.9341317365269461	0.9537166900420757	0.17069026585482874	0.947075208913649	0.96045197740113	0.8707482993197279
1	gini	8	124	0.9432048681541582	0.964735516372796	0.2945189692615555	0.9433497536945813	0.9871134020618557	0.780952380952381
4	gini	8	124	0.9434697855750487	0.9575402635431918	0.22366135763991815	0.956140350877193	0.9589442815249267	0.9127906976744186
2	gini	8	125	0.9341317365269461	0.9537166900420757	0.17069026585482874	0.947075208913649	0.96045197740113	0.8707482993197279
6	gini	8	125	0.9389002036659878	0.9578651685393258	0.23682210791932826	0.9419889502762431	0.9742857142857143	0.851063829787234
11	gini	8	125	0.9424184261036468	0.9620253164556962	0.35063701405634884	0.9718670076726342	0.9523809523809523	0.9098360655737705
5	gini	8	125	0.958904109589041	0.97165991902834	0.2680993515278057	0.9703504043126685	0.972972972972973	0.9219858156028369
1	gini	8	125	0.9432048681541582	0.964735516372796	0.2945189692615555	0.9433497536945813	0.9871134020618557	0.780952380952381
2	gini	8	126	0.9341317365269461	0.9537166900420757	0.17069026585482874	0.947075208913649	0.96045197740113	0.8707482993197279
10	gini	8	126	0.9491833030852994	0.9642857142857143	0.1412365600971183	0.9692307692307692	0.9593908629441624	0.9235668789808917
1	gini	8	126	0.9432048681541582	0.964735516372796	0.2945189692615555	0.9433497536945813	0.9871134020618557	0.780952380952381
13	gini	8	126	0.9388145315487572	0.961352657004831	0.2985237128543944	0.9590361445783132	0.9636803874092009	0.8454545454545455
5	gini	8	126	0.958904109589041	0.97165991902834	0.2680993515278057	0.9703504043126685	0.972972972972973	0.9219858156028369
8	gini	8	127	0.935361216730038	0.9552631578947368	0.41615408478819327	0.952755905511811	0.9577836411609498	0.8775510204081632
3	gini	8	127	0.9476635514018692	0.9627659574468085	0.13057233927943612	0.9783783783783784	0.9476439790575916	0.9477124183006536
11	gini	8	127	0.9424184261036468	0.9620253164556962	0.35063701405634884	0.9718670076726342	0.9523809523809523	0.9098360655737705
5	gini	8	127	0.958904109589041	0.97165991902834	0.2680993515278057	0.9703504043126685	0.972972972972973	0.9219858156028369
12	gini	8	127	0.9339805825242719	0.9512893982808023	0.44465127865452175	0.9431818181818182	0.9595375722543352	0.8816568047337278
3	gini	8	128	0.9476635514018692	0.9627659574468085	0.13057233927943612	0.9783783783783784	0.9476439790575916	0.9477124183006536
2	gini	8	128	0.9341317365269461	0.9537166900420757	0.17069026585482874	0.947075208913649	0.96045197740113	0.8707482993197279
11	gini	8	128	0.9424184261036468	0.9620253164556962	0.35063701405634884	0.9718670076726342	0.9523809523809523	0.9098360655737705
7	gini	8	128	0.9441233140655106	0.9636135508155583	0.15263551248039828	0.9504950495049505	0.9770992366412213	0.8412698412698413
12	gini	8	128	0.9339805825242719	0.9512893982808023	0.44465127865452175	0.9431818181818182	0.9595375722543352	0.8816568047337278
6	gini	8	129	0.9389002036659878	0.9578651685393258	0.23682210791932826	0.9419889502762431	0.9742857142857143	0.851063829787234
12	gini	8	129	0.9339805825242719	0.9512893982808023	0.44465127865452175	0.9431818181818182	0.9595375722543352	0.8816568047337278
4	gini	8	129	0.9434697855750487	0.9575402635431918	0.22366135763991815	0.956140350877193	0.9589442815249267	0.9127906976744186
1	gini	8	129	0.9432048681541582	0.964735516372796	0.2945189692615555	0.9433497536945813	0.9871134020618557	0.780952380952381
11	gini	8	129	0.9424184261036468	0.9620253164556962	0.35063701405634884	0.9718670076726342	0.9523809523809523	0.9098360655737705
3	gini	8	130	0.9476635514018692	0.9627659574468085	0.13057233927943612	0.9783783783783784	0.9476439790575916	0.9477124183006536
15	gini	8	130	0.9153846153846154	0.9351032448377581	0.333314385826686	0.9462686567164179	0.924198250728863	0.8983050847457628
10	gini	8	130	0.9491833030852994	0.9642857142857143	0.1412365600971183	0.9692307692307692	0.9593908629441624	0.9235668789808917
8	gini	8	130	0.935361216730038	0.9552631578947368	0.41615408478819327	0.952755905511811	0.9577836411609498	0.8775510204081632
14	gini	8	130	0.9447731755424064	0.9628647214854111	0.27166712126822107	0.9654255319148937	0.9603174603174603	0.8992248062015504
9	gini	8	131	0.9127134724857685	0.9346590909090909	0.2565071517460498	0.9508670520231214	0.9189944134078212	0.8994082840236687
15	gini	8	131	0.9153846153846154	0.9351032448377581	0.333314385826686	0.9462686567164179	0.924198250728863	0.8983050847457628
1	gini	8	131	0.9432048681541582	0.964735516372796	0.2945189692615555	0.9433497536945813	0.9871134020618557	0.780952380952381
2	gini	8	131	0.9341317365269461	0.9537166900420757	0.17069026585482874	0.947075208913649	0.96045197740113	0.8707482993197279
10	gini	8	131	0.9491833030852994	0.9642857142857143	0.1412365600971183	0.9692307692307692	0.9593908629441624	0.9235668789808917
8	gini	8	132	0.935361216730038	0.9552631578947368	0.41615408478819327	0.952755905511811	0.9577836411609498	0.8775510204081632
2	gini	8	132	0.9341317365269461	0.9537166900420757	0.17069026585482874	0.947075208913649	0.96045197740113	0.8707482993197279
1	gini	8	132	0.9432048681541582	0.964735516372796	0.2945189692615555	0.9433497536945813	0.9871134020618557	0.780952380952381
13	gini	8	132	0.9388145315487572	0.961352657004831	0.2985237128543944	0.9590361445783132	0.9636803874092009	0.8454545454545455
9	gini	8	132	0.9127134724857685	0.9346590909090909	0.2565071517460498	0.9508670520231214	0.9189944134078212	0.8994082840236687
1	gini	8	133	0.9432048681541582	0.964735516372796	0.2945189692615555	0.9433497536945813	0.9871134020618557	0.780952380952381
6	gini	8	133	0.9389002036659878	0.9578651685393258	0.23682210791932826	0.9419889502762431	0.9742857142857143	0.851063829787234
2	gini	8	133	0.9341317365269461	0.9537166900420757	0.17069026585482874	0.947075208913649	0.96045197740113	0.8707482993197279
10	gini	8	133	0.9491833030852994	0.9642857142857143	0.1412365600971183	0.9692307692307692	0.9593908629441624	0.9235668789808917
7	gini	8	133	0.9441233140655106	0.9636135508155583	0.15263551248039828	0.9504950495049505	0.9770992366412213	0.8412698412698413
2	gini	8	134	0.9341317365269461	0.9537166900420757	0.17069026585482874	0.947075208913649	0.96045197740113	0.8707482993197279
7	gini	8	134	0.9441233140655106	0.9636135508155583	0.15263551248039828	0.9504950495049505	0.9770992366412213	0.8412698412698413
14	gini	8	134	0.9447731755424064	0.9628647214854111	0.27166712126822107	0.9654255319148937	0.9603174603174603	0.8992248062015504
15	gini	8	134	0.9153846153846154	0.9351032448377581	0.333314385826686	0.9462686567164179	0.924198250728863	0.8983050847457628
11	gini	8	134	0.9424184261036468	0.9620253164556962	0.35063701405634884	0.9718670076726342	0.9523809523809523	0.9098360655737705
11	gini	8	135	0.9424184261036468	0.9620253164556962	0.35063701405634884	0.9718670076726342	0.9523809523809523	0.9098360655737705
8	gini	8	135	0.935361216730038	0.9552631578947368	0.41615408478819327	0.952755905511811	0.9577836411609498	0.8775510204081632
5	gini	8	135	0.958904109589041	0.97165991902834	0.2680993515278057	0.9703504043126685	0.972972972972973	0.9219858156028369
13	gini	8	135	0.9388145315487572	0.961352657004831	0.2985237128543944	0.9590361445783132	0.9636803874092009	0.8454545454545455
1	gini	8	135	0.9432048681541582	0.964735516372796	0.2945189692615555	0.9433497536945813	0.9871134020618557	0.780952380952381
11	gini	8	136	0.9424184261036468	0.9620253164556962	0.35063701405634884	0.9718670076726342	0.9523809523809523	0.9098360655737705
1	gini	8	136	0.9432048681541582	0.964735516372796	0.2945189692615555	0.9433497536945813	0.9871134020618557	0.780952380952381
10	gini	8	136	0.9491833030852994	0.9642857142857143	0.1412365600971183	0.9692307692307692	0.9593908629441624	0.9235668789808917
13	gini	8	136	0.9388145315487572	0.961352657004831	0.2985237128543944	0.9590361445783132	0.9636803874092009	0.8454545454545455
7	gini	8	136	0.9441233140655106	0.9636135508155583	0.15263551248039828	0.9504950495049505	0.9770992366412213	0.8412698412698413
1	gini	8	137	0.9432048681541582	0.964735516372796	0.2945189692615555	0.9433497536945813	0.9871134020618557	0.780952380952381
15	gini	8	137	0.9153846153846154	0.9351032448377581	0.333314385826686	0.9462686567164179	0.924198250728863	0.8983050847457628
13	gini	8	137	0.9388145315487572	0.961352657004831	0.2985237128543944	0.9590361445783132	0.9636803874092009	0.8454545454545455
3	gini	8	137	0.9476635514018692	0.9627659574468085	0.13057233927943612	0.9783783783783784	0.9476439790575916	0.9477124183006536
14	gini	8	137	0.9447731755424064	0.9628647214854111	0.27166712126822107	0.9654255319148937	0.9603174603174603	0.8992248062015504
12	gini	8	138	0.9339805825242719	0.9512893982808023	0.44465127865452175	0.9431818181818182	0.9595375722543352	0.8816568047337278
1	gini	8	138	0.9432048681541582	0.964735516372796	0.2945189692615555	0.9433497536945813	0.9871134020618557	0.780952380952381
9	gini	8	138	0.9127134724857685	0.9346590909090909	0.2565071517460498	0.9508670520231214	0.9189944134078212	0.8994082840236687
3	gini	8	138	0.9476635514018692	0.9627659574468085	0.13057233927943612	0.9783783783783784	0.9476439790575916	0.9477124183006536
10	gini	8	138	0.9491833030852994	0.9642857142857143	0.1412365600971183	0.9692307692307692	0.9593908629441624	0.9235668789808917
3	gini	8	139	0.9476635514018692	0.9627659574468085	0.13057233927943612	0.9783783783783784	0.9476439790575916	0.9477124183006536
7	gini	8	139	0.9441233140655106	0.9636135508155583	0.15263551248039828	0.9504950495049505	0.9770992366412213	0.8412698412698413
9	gini	8	139	0.9127134724857685	0.9346590909090909	0.2565071517460498	0.9508670520231214	0.9189944134078212	0.8994082840236687
13	gini	8	139	0.9388145315487572	0.961352657004831	0.2985237128543944	0.9590361445783132	0.9636803874092009	0.8454545454545455
8	gini	8	139	0.935361216730038	0.9552631578947368	0.41615408478819327	0.952755905511811	0.9577836411609498	0.8775510204081632
8	gini	8	140	0.935361216730038	0.9552631578947368	0.41615408478819327	0.952755905511811	0.9577836411609498	0.8775510204081632
6	gini	8	140	0.9389002036659878	0.9578651685393258	0.23682210791932826	0.9419889502762431	0.9742857142857143	0.851063829787234
2	gini	8	140	0.9341317365269461	0.9537166900420757	0.17069026585482874	0.947075208913649	0.96045197740113	0.8707482993197279
4	gini	8	140	0.9434697855750487	0.9575402635431918	0.22366135763991815	0.956140350877193	0.9589442815249267	0.9127906976744186
11	gini	8	140	0.9424184261036468	0.9620253164556962	0.35063701405634884	0.9718670076726342	0.9523809523809523	0.9098360655737705
4	gini	8	141	0.9434697855750487	0.9575402635431918	0.22366135763991815	0.956140350877193	0.9589442815249267	0.9127906976744186
1	gini	8	141	0.9432048681541582	0.964735516372796	0.2945189692615555	0.9433497536945813	0.9871134020618557	0.780952380952381
5	gini	8	141	0.958904109589041	0.97165991902834	0.2680993515278057	0.9703504043126685	0.972972972972973	0.9219858156028369
6	gini	8	141	0.9389002036659878	0.9578651685393258	0.23682210791932826	0.9419889502762431	0.9742857142857143	0.851063829787234
8	gini	8	141	0.935361216730038	0.9552631578947368	0.41615408478819327	0.952755905511811	0.9577836411609498	0.8775510204081632
8	gini	8	142	0.935361216730038	0.9552631578947368	0.41615408478819327	0.952755905511811	0.9577836411609498	0.8775510204081632
6	gini	8	142	0.9389002036659878	0.9578651685393258	0.23682210791932826	0.9419889502762431	0.9742857142857143	0.851063829787234
5	gini	8	142	0.958904109589041	0.97165991902834	0.2680993515278057	0.9703504043126685	0.972972972972973	0.9219858156028369
15	gini	8	142	0.9153846153846154	0.9351032448377581	0.333314385826686	0.9462686567164179	0.924198250728863	0.8983050847457628
9	gini	8	142	0.9127134724857685	0.9346590909090909	0.2565071517460498	0.9508670520231214	0.9189944134078212	0.8994082840236687
9	gini	8	143	0.9127134724857685	0.9346590909090909	0.2565071517460498	0.9508670520231214	0.9189944134078212	0.8994082840236687
5	gini	8	143	0.958904109589041	0.97165991902834	0.2680993515278057	0.9703504043126685	0.972972972972973	0.9219858156028369
7	gini	8	143	0.9441233140655106	0.9636135508155583	0.15263551248039828	0.9504950495049505	0.9770992366412213	0.8412698412698413
10	gini	8	143	0.9491833030852994	0.9642857142857143	0.1412365600971183	0.9692307692307692	0.9593908629441624	0.9235668789808917
13	gini	8	143	0.9388145315487572	0.961352657004831	0.2985237128543944	0.9590361445783132	0.9636803874092009	0.8454545454545455
12	gini	8	144	0.9339805825242719	0.9512893982808023	0.44465127865452175	0.9431818181818182	0.9595375722543352	0.8816568047337278
15	gini	8	144	0.9153846153846154	0.9351032448377581	0.333314385826686	0.9462686567164179	0.924198250728863	0.8983050847457628
13	gini	8	144	0.9388145315487572	0.961352657004831	0.2985237128543944	0.9590361445783132	0.9636803874092009	0.8454545454545455
6	gini	8	144	0.9389002036659878	0.9578651685393258	0.23682210791932826	0.9419889502762431	0.9742857142857143	0.851063829787234
3	gini	8	144	0.9476635514018692	0.9627659574468085	0.13057233927943612	0.9783783783783784	0.9476439790575916	0.9477124183006536
12	gini	8	145	0.9339805825242719	0.9512893982808023	0.44465127865452175	0.9431818181818182	0.9595375722543352	0.8816568047337278
3	gini	8	145	0.9476635514018692	0.9627659574468085	0.13057233927943612	0.9783783783783784	0.9476439790575916	0.9477124183006536
1	gini	8	145	0.9432048681541582	0.964735516372796	0.2945189692615555	0.9433497536945813	0.9871134020618557	0.780952380952381
4	gini	8	145	0.9434697855750487	0.9575402635431918	0.22366135763991815	0.956140350877193	0.9589442815249267	0.9127906976744186
2	gini	8	145	0.9341317365269461	0.9537166900420757	0.17069026585482874	0.947075208913649	0.96045197740113	0.8707482993197279
9	gini	8	146	0.9127134724857685	0.9346590909090909	0.2565071517460498	0.9508670520231214	0.9189944134078212	0.8994082840236687
15	gini	8	146	0.9153846153846154	0.9351032448377581	0.333314385826686	0.9462686567164179	0.924198250728863	0.8983050847457628
1	gini	8	146	0.9432048681541582	0.964735516372796	0.2945189692615555	0.9433497536945813	0.9871134020618557	0.780952380952381
11	gini	8	146	0.9424184261036468	0.9620253164556962	0.35063701405634884	0.9718670076726342	0.9523809523809523	0.9098360655737705
5	gini	8	146	0.958904109589041	0.97165991902834	0.2680993515278057	0.9703504043126685	0.972972972972973	0.9219858156028369
8	gini	8	147	0.935361216730038	0.9552631578947368	0.41615408478819327	0.952755905511811	0.9577836411609498	0.8775510204081632
7	gini	8	147	0.9441233140655106	0.9636135508155583	0.15263551248039828	0.9504950495049505	0.9770992366412213	0.8412698412698413
2	gini	8	147	0.9341317365269461	0.9537166900420757	0.17069026585482874	0.947075208913649	0.96045197740113	0.8707482993197279
10	gini	8	147	0.9491833030852994	0.9642857142857143	0.1412365600971183	0.9692307692307692	0.9593908629441624	0.9235668789808917
6	gini	8	147	0.9389002036659878	0.9578651685393258	0.23682210791932826	0.9419889502762431	0.9742857142857143	0.851063829787234
7	gini	8	148	0.9441233140655106	0.9636135508155583	0.15263551248039828	0.9504950495049505	0.9770992366412213	0.8412698412698413
8	gini	8	148	0.935361216730038	0.9552631578947368	0.41615408478819327	0.952755905511811	0.9577836411609498	0.8775510204081632
6	gini	8	148	0.9389002036659878	0.9578651685393258	0.23682210791932826	0.9419889502762431	0.9742857142857143	0.851063829787234
2	gini	8	148	0.9341317365269461	0.9537166900420757	0.17069026585482874	0.947075208913649	0.96045197740113	0.8707482993197279
11	gini	8	148	0.9424184261036468	0.9620253164556962	0.35063701405634884	0.9718670076726342	0.9523809523809523	0.9098360655737705
15	gini	8	149	0.9153846153846154	0.9351032448377581	0.333314385826686	0.9462686567164179	0.924198250728863	0.8983050847457628
6	gini	8	149	0.9389002036659878	0.9578651685393258	0.23682210791932826	0.9419889502762431	0.9742857142857143	0.851063829787234
1	gini	8	149	0.9432048681541582	0.964735516372796	0.2945189692615555	0.9433497536945813	0.9871134020618557	0.780952380952381
14	gini	8	149	0.9447731755424064	0.9628647214854111	0.27166712126822107	0.9654255319148937	0.9603174603174603	0.8992248062015504
4	gini	8	149	0.9434697855750487	0.9575402635431918	0.22366135763991815	0.956140350877193	0.9589442815249267	0.9127906976744186
12	gini	8	150	0.9339805825242719	0.9512893982808023	0.44465127865452175	0.9431818181818182	0.9595375722543352	0.8816568047337278
13	gini	8	150	0.9388145315487572	0.961352657004831	0.2985237128543944	0.9590361445783132	0.9636803874092009	0.8454545454545455
2	gini	8	150	0.9341317365269461	0.9537166900420757	0.17069026585482874	0.947075208913649	0.96045197740113	0.8707482993197279
14	gini	8	150	0.9447731755424064	0.9628647214854111	0.27166712126822107	0.9654255319148937	0.9603174603174603	0.8992248062015504
3	gini	8	150	0.9476635514018692	0.9627659574468085	0.13057233927943612	0.9783783783783784	0.9476439790575916	0.9477124183006536
6	gini	8	151	0.9389002036659878	0.9578651685393258	0.23682210791932826	0.9419889502762431	0.9742857142857143	0.851063829787234
14	gini	8	151	0.9447731755424064	0.9628647214854111	0.27166712126822107	0.9654255319148937	0.9603174603174603	0.8992248062015504
8	gini	8	151	0.935361216730038	0.9552631578947368	0.41615408478819327	0.952755905511811	0.9577836411609498	0.8775510204081632
4	gini	8	151	0.9434697855750487	0.9575402635431918	0.22366135763991815	0.956140350877193	0.9589442815249267	0.9127906976744186
13	gini	8	151	0.9388145315487572	0.961352657004831	0.2985237128543944	0.9590361445783132	0.9636803874092009	0.8454545454545455
12	gini	8	152	0.9339805825242719	0.9512893982808023	0.44465127865452175	0.9431818181818182	0.9595375722543352	0.8816568047337278
7	gini	8	152	0.9441233140655106	0.9636135508155583	0.15263551248039828	0.9504950495049505	0.9770992366412213	0.8412698412698413
5	gini	8	152	0.958904109589041	0.97165991902834	0.2680993515278057	0.9703504043126685	0.972972972972973	0.9219858156028369
3	gini	8	152	0.9476635514018692	0.9627659574468085	0.13057233927943612	0.9783783783783784	0.9476439790575916	0.9477124183006536
11	gini	8	152	0.9424184261036468	0.9620253164556962	0.35063701405634884	0.9718670076726342	0.9523809523809523	0.9098360655737705
9	gini	8	153	0.9127134724857685	0.9346590909090909	0.2565071517460498	0.9508670520231214	0.9189944134078212	0.8994082840236687
3	gini	8	153	0.9476635514018692	0.9627659574468085	0.13057233927943612	0.9783783783783784	0.9476439790575916	0.9477124183006536
7	gini	8	153	0.9441233140655106	0.9636135508155583	0.15263551248039828	0.9504950495049505	0.9770992366412213	0.8412698412698413
8	gini	8	153	0.935361216730038	0.9552631578947368	0.41615408478819327	0.952755905511811	0.9577836411609498	0.8775510204081632
12	gini	8	153	0.9339805825242719	0.9512893982808023	0.44465127865452175	0.9431818181818182	0.9595375722543352	0.8816568047337278
13	gini	8	154	0.9388145315487572	0.961352657004831	0.2985237128543944	0.9590361445783132	0.9636803874092009	0.8454545454545455
2	gini	8	154	0.9341317365269461	0.9537166900420757	0.17069026585482874	0.947075208913649	0.96045197740113	0.8707482993197279
12	gini	8	154	0.9339805825242719	0.9512893982808023	0.44465127865452175	0.9431818181818182	0.9595375722543352	0.8816568047337278
9	gini	8	154	0.9127134724857685	0.9346590909090909	0.2565071517460498	0.9508670520231214	0.9189944134078212	0.8994082840236687
7	gini	8	154	0.9441233140655106	0.9636135508155583	0.15263551248039828	0.9504950495049505	0.9770992366412213	0.8412698412698413
14	gini	8	155	0.9447731755424064	0.9628647214854111	0.27166712126822107	0.9654255319148937	0.9603174603174603	0.8992248062015504
7	gini	8	155	0.9441233140655106	0.9636135508155583	0.15263551248039828	0.9504950495049505	0.9770992366412213	0.8412698412698413
15	gini	8	155	0.9153846153846154	0.9351032448377581	0.333314385826686	0.9462686567164179	0.924198250728863	0.8983050847457628
5	gini	8	155	0.958904109589041	0.97165991902834	0.2680993515278057	0.9703504043126685	0.972972972972973	0.9219858156028369
8	gini	8	155	0.935361216730038	0.9552631578947368	0.41615408478819327	0.952755905511811	0.9577836411609498	0.8775510204081632
15	gini	8	156	0.9153846153846154	0.9351032448377581	0.333314385826686	0.9462686567164179	0.924198250728863	0.8983050847457628
13	gini	8	156	0.9388145315487572	0.961352657004831	0.2985237128543944	0.9590361445783132	0.9636803874092009	0.8454545454545455
6	gini	8	156	0.9389002036659878	0.9578651685393258	0.23682210791932826	0.9419889502762431	0.9742857142857143	0.851063829787234
14	gini	8	156	0.9447731755424064	0.9628647214854111	0.27166712126822107	0.9654255319148937	0.9603174603174603	0.8992248062015504
8	gini	8	156	0.935361216730038	0.9552631578947368	0.41615408478819327	0.952755905511811	0.9577836411609498	0.8775510204081632
7	gini	8	157	0.9441233140655106	0.9636135508155583	0.15263551248039828	0.9504950495049505	0.9770992366412213	0.8412698412698413
4	gini	8	157	0.9434697855750487	0.9575402635431918	0.22366135763991815	0.956140350877193	0.9589442815249267	0.9127906976744186
10	gini	8	157	0.9491833030852994	0.9642857142857143	0.1412365600971183	0.9692307692307692	0.9593908629441624	0.9235668789808917
6	gini	8	157	0.9389002036659878	0.9578651685393258	0.23682210791932826	0.9419889502762431	0.9742857142857143	0.851063829787234
13	gini	8	157	0.9388145315487572	0.961352657004831	0.2985237128543944	0.9590361445783132	0.9636803874092009	0.8454545454545455
5	gini	8	158	0.958904109589041	0.97165991902834	0.2680993515278057	0.9703504043126685	0.972972972972973	0.9219858156028369
13	gini	8	158	0.9388145315487572	0.961352657004831	0.2985237128543944	0.9590361445783132	0.9636803874092009	0.8454545454545455
2	gini	8	158	0.9341317365269461	0.9537166900420757	0.17069026585482874	0.947075208913649	0.96045197740113	0.8707482993197279
7	gini	8	158	0.9441233140655106	0.9636135508155583	0.15263551248039828	0.9504950495049505	0.9770992366412213	0.8412698412698413
12	gini	8	158	0.9339805825242719	0.9512893982808023	0.44465127865452175	0.9431818181818182	0.9595375722543352	0.8816568047337278
15	gini	8	159	0.9153846153846154	0.9351032448377581	0.333314385826686	0.9462686567164179	0.924198250728863	0.8983050847457628
12	gini	8	159	0.9339805825242719	0.9512893982808023	0.44465127865452175	0.9431818181818182	0.9595375722543352	0.8816568047337278
14	gini	8	159	0.9447731755424064	0.9628647214854111	0.27166712126822107	0.9654255319148937	0.9603174603174603	0.8992248062015504
9	gini	8	159	0.9127134724857685	0.9346590909090909	0.2565071517460498	0.9508670520231214	0.9189944134078212	0.8994082840236687
7	gini	8	159	0.9441233140655106	0.9636135508155583	0.15263551248039828	0.9504950495049505	0.9770992366412213	0.8412698412698413
13	gini	8	160	0.9388145315487572	0.961352657004831	0.2985237128543944	0.9590361445783132	0.9636803874092009	0.8454545454545455
7	gini	8	160	0.9441233140655106	0.9636135508155583	0.15263551248039828	0.9504950495049505	0.9770992366412213	0.8412698412698413
6	gini	8	160	0.9389002036659878	0.9578651685393258	0.23682210791932826	0.9419889502762431	0.9742857142857143	0.851063829787234
2	gini	8	160	0.9341317365269461	0.9537166900420757	0.17069026585482874	0.947075208913649	0.96045197740113	0.8707482993197279
15	gini	8	160	0.9153846153846154	0.9351032448377581	0.333314385826686	0.9462686567164179	0.924198250728863	0.8983050847457628
8	gini	8	161	0.935361216730038	0.9552631578947368	0.41615408478819327	0.952755905511811	0.9577836411609498	0.8775510204081632
2	gini	8	161	0.9341317365269461	0.9537166900420757	0.17069026585482874	0.947075208913649	0.96045197740113	0.8707482993197279
5	gini	8	161	0.958904109589041	0.97165991902834	0.2680993515278057	0.9703504043126685	0.972972972972973	0.9219858156028369
7	gini	8	161	0.9441233140655106	0.9636135508155583	0.15263551248039828	0.9504950495049505	0.9770992366412213	0.8412698412698413
1	gini	8	161	0.9432048681541582	0.964735516372796	0.2945189692615555	0.9433497536945813	0.9871134020618557	0.780952380952381
12	gini	8	162	0.9339805825242719	0.9512893982808023	0.44465127865452175	0.9431818181818182	0.9595375722543352	0.8816568047337278
15	gini	8	162	0.9153846153846154	0.9351032448377581	0.333314385826686	0.9462686567164179	0.924198250728863	0.8983050847457628
6	gini	8	162	0.9389002036659878	0.9578651685393258	0.23682210791932826	0.9419889502762431	0.9742857142857143	0.851063829787234
8	gini	8	162	0.935361216730038	0.9552631578947368	0.41615408478819327	0.952755905511811	0.9577836411609498	0.8775510204081632
14	gini	8	162	0.9447731755424064	0.9628647214854111	0.27166712126822107	0.9654255319148937	0.9603174603174603	0.8992248062015504
8	gini	8	163	0.935361216730038	0.9552631578947368	0.41615408478819327	0.952755905511811	0.9577836411609498	0.8775510204081632
9	gini	8	163	0.9127134724857685	0.9346590909090909	0.2565071517460498	0.9508670520231214	0.9189944134078212	0.8994082840236687
4	gini	8	163	0.9434697855750487	0.9575402635431918	0.22366135763991815	0.956140350877193	0.9589442815249267	0.9127906976744186
14	gini	8	163	0.9447731755424064	0.9628647214854111	0.27166712126822107	0.9654255319148937	0.9603174603174603	0.8992248062015504
7	gini	8	163	0.9441233140655106	0.9636135508155583	0.15263551248039828	0.9504950495049505	0.9770992366412213	0.8412698412698413
5	gini	8	164	0.958904109589041	0.97165991902834	0.2680993515278057	0.9703504043126685	0.972972972972973	0.9219858156028369
12	gini	8	164	0.9339805825242719	0.9512893982808023	0.44465127865452175	0.9431818181818182	0.9595375722543352	0.8816568047337278
1	gini	8	164	0.9432048681541582	0.964735516372796	0.2945189692615555	0.9433497536945813	0.9871134020618557	0.780952380952381
13	gini	8	164	0.9388145315487572	0.961352657004831	0.2985237128543944	0.9590361445783132	0.9636803874092009	0.8454545454545455
4	gini	8	164	0.9434697855750487	0.9575402635431918	0.22366135763991815	0.956140350877193	0.9589442815249267	0.9127906976744186
10	gini	8	165	0.9491833030852994	0.9642857142857143	0.1412365600971183	0.9692307692307692	0.9593908629441624	0.9235668789808917
11	gini	8	165	0.9424184261036468	0.9620253164556962	0.35063701405634884	0.9718670076726342	0.9523809523809523	0.9098360655737705
7	gini	8	165	0.9441233140655106	0.9636135508155583	0.15263551248039828	0.9504950495049505	0.9770992366412213	0.8412698412698413
9	gini	8	165	0.9127134724857685	0.9346590909090909	0.2565071517460498	0.9508670520231214	0.9189944134078212	0.8994082840236687
6	gini	8	165	0.9389002036659878	0.9578651685393258	0.23682210791932826	0.9419889502762431	0.9742857142857143	0.851063829787234
2	gini	8	166	0.9341317365269461	0.9537166900420757	0.17069026585482874	0.947075208913649	0.96045197740113	0.8707482993197279
5	gini	8	166	0.958904109589041	0.97165991902834	0.2680993515278057	0.9703504043126685	0.972972972972973	0.9219858156028369
4	gini	8	166	0.9434697855750487	0.9575402635431918	0.22366135763991815	0.956140350877193	0.9589442815249267	0.9127906976744186
3	gini	8	166	0.9476635514018692	0.9627659574468085	0.13057233927943612	0.9783783783783784	0.9476439790575916	0.9477124183006536
15	gini	8	166	0.9153846153846154	0.9351032448377581	0.333314385826686	0.9462686567164179	0.924198250728863	0.8983050847457628
3	gini	8	167	0.9476635514018692	0.9627659574468085	0.13057233927943612	0.9783783783783784	0.9476439790575916	0.9477124183006536
5	gini	8	167	0.958904109589041	0.97165991902834	0.2680993515278057	0.9703504043126685	0.972972972972973	0.9219858156028369
8	gini	8	167	0.935361216730038	0.9552631578947368	0.41615408478819327	0.952755905511811	0.9577836411609498	0.8775510204081632
14	gini	8	167	0.9447731755424064	0.9628647214854111	0.27166712126822107	0.9654255319148937	0.9603174603174603	0.8992248062015504
6	gini	8	167	0.9389002036659878	0.9578651685393258	0.23682210791932826	0.9419889502762431	0.9742857142857143	0.851063829787234
13	gini	8	168	0.9388145315487572	0.961352657004831	0.2985237128543944	0.9590361445783132	0.9636803874092009	0.8454545454545455
3	gini	8	168	0.9476635514018692	0.9627659574468085	0.13057233927943612	0.9783783783783784	0.9476439790575916	0.9477124183006536
14	gini	8	168	0.9447731755424064	0.9628647214854111	0.27166712126822107	0.9654255319148937	0.9603174603174603	0.8992248062015504
12	gini	8	168	0.9339805825242719	0.9512893982808023	0.44465127865452175	0.9431818181818182	0.9595375722543352	0.8816568047337278
8	gini	8	168	0.935361216730038	0.9552631578947368	0.41615408478819327	0.952755905511811	0.9577836411609498	0.8775510204081632
2	gini	8	169	0.9341317365269461	0.9537166900420757	0.17069026585482874	0.947075208913649	0.96045197740113	0.8707482993197279
10	gini	8	169	0.9491833030852994	0.9642857142857143	0.1412365600971183	0.9692307692307692	0.9593908629441624	0.9235668789808917
9	gini	8	169	0.9127134724857685	0.9346590909090909	0.2565071517460498	0.9508670520231214	0.9189944134078212	0.8994082840236687
5	gini	8	169	0.958904109589041	0.97165991902834	0.2680993515278057	0.9703504043126685	0.972972972972973	0.9219858156028369
6	gini	8	169	0.9389002036659878	0.9578651685393258	0.23682210791932826	0.9419889502762431	0.9742857142857143	0.851063829787234
14	gini	8	170	0.9447731755424064	0.9628647214854111	0.27166712126822107	0.9654255319148937	0.9603174603174603	0.8992248062015504
13	gini	8	170	0.9388145315487572	0.961352657004831	0.2985237128543944	0.9590361445783132	0.9636803874092009	0.8454545454545455
8	gini	8	170	0.935361216730038	0.9552631578947368	0.41615408478819327	0.952755905511811	0.9577836411609498	0.8775510204081632
6	gini	8	170	0.9389002036659878	0.9578651685393258	0.23682210791932826	0.9419889502762431	0.9742857142857143	0.851063829787234
2	gini	8	170	0.9341317365269461	0.9537166900420757	0.17069026585482874	0.947075208913649	0.96045197740113	0.8707482993197279
10	gini	8	171	0.9491833030852994	0.9642857142857143	0.1412365600971183	0.9692307692307692	0.9593908629441624	0.9235668789808917
6	gini	8	171	0.9389002036659878	0.9578651685393258	0.23682210791932826	0.9419889502762431	0.9742857142857143	0.851063829787234
3	gini	8	171	0.9476635514018692	0.9627659574468085	0.13057233927943612	0.9783783783783784	0.9476439790575916	0.9477124183006536
9	gini	8	171	0.9127134724857685	0.9346590909090909	0.2565071517460498	0.9508670520231214	0.9189944134078212	0.8994082840236687
5	gini	8	171	0.958904109589041	0.97165991902834	0.2680993515278057	0.9703504043126685	0.972972972972973	0.9219858156028369
4	gini	8	172	0.9434697855750487	0.9575402635431918	0.22366135763991815	0.956140350877193	0.9589442815249267	0.9127906976744186
11	gini	8	172	0.9424184261036468	0.9620253164556962	0.35063701405634884	0.9718670076726342	0.9523809523809523	0.9098360655737705
7	gini	8	172	0.9441233140655106	0.9636135508155583	0.15263551248039828	0.9504950495049505	0.9770992366412213	0.8412698412698413
13	gini	8	172	0.9388145315487572	0.961352657004831	0.2985237128543944	0.9590361445783132	0.9636803874092009	0.8454545454545455
14	gini	8	172	0.9447731755424064	0.9628647214854111	0.27166712126822107	0.9654255319148937	0.9603174603174603	0.8992248062015504
1	gini	8	173	0.9432048681541582	0.964735516372796	0.2945189692615555	0.9433497536945813	0.9871134020618557	0.780952380952381
8	gini	8	173	0.935361216730038	0.9552631578947368	0.41615408478819327	0.952755905511811	0.9577836411609498	0.8775510204081632
6	gini	8	173	0.9389002036659878	0.9578651685393258	0.23682210791932826	0.9419889502762431	0.9742857142857143	0.851063829787234
15	gini	8	173	0.9153846153846154	0.9351032448377581	0.333314385826686	0.9462686567164179	0.924198250728863	0.8983050847457628
10	gini	8	173	0.9491833030852994	0.9642857142857143	0.1412365600971183	0.9692307692307692	0.9593908629441624	0.9235668789808917
10	gini	8	174	0.9491833030852994	0.9642857142857143	0.1412365600971183	0.9692307692307692	0.9593908629441624	0.9235668789808917
9	gini	8	174	0.9127134724857685	0.9346590909090909	0.2565071517460498	0.9508670520231214	0.9189944134078212	0.8994082840236687
6	gini	8	174	0.9389002036659878	0.9578651685393258	0.23682210791932826	0.9419889502762431	0.9742857142857143	0.851063829787234
3	gini	8	174	0.9476635514018692	0.9627659574468085	0.13057233927943612	0.9783783783783784	0.9476439790575916	0.9477124183006536
13	gini	8	174	0.9388145315487572	0.961352657004831	0.2985237128543944	0.9590361445783132	0.9636803874092009	0.8454545454545455
7	gini	8	175	0.9441233140655106	0.9636135508155583	0.15263551248039828	0.9504950495049505	0.9770992366412213	0.8412698412698413
4	gini	8	175	0.9434697855750487	0.9575402635431918	0.22366135763991815	0.956140350877193	0.9589442815249267	0.9127906976744186
12	gini	8	175	0.9339805825242719	0.9512893982808023	0.44465127865452175	0.9431818181818182	0.9595375722543352	0.8816568047337278
1	gini	8	175	0.9432048681541582	0.964735516372796	0.2945189692615555	0.9433497536945813	0.9871134020618557	0.780952380952381
3	gini	8	175	0.9476635514018692	0.9627659574468085	0.13057233927943612	0.9783783783783784	0.9476439790575916	0.9477124183006536
13	gini	8	176	0.9388145315487572	0.961352657004831	0.2985237128543944	0.9590361445783132	0.9636803874092009	0.8454545454545455
12	gini	8	176	0.9339805825242719	0.9512893982808023	0.44465127865452175	0.9431818181818182	0.9595375722543352	0.8816568047337278
2	gini	8	176	0.9341317365269461	0.9537166900420757	0.17069026585482874	0.947075208913649	0.96045197740113	0.8707482993197279
7	gini	8	176	0.9441233140655106	0.9636135508155583	0.15263551248039828	0.9504950495049505	0.9770992366412213	0.8412698412698413
11	gini	8	176	0.9424184261036468	0.9620253164556962	0.35063701405634884	0.9718670076726342	0.9523809523809523	0.9098360655737705
12	gini	8	177	0.9339805825242719	0.9512893982808023	0.44465127865452175	0.9431818181818182	0.9595375722543352	0.8816568047337278
15	gini	8	177	0.9153846153846154	0.9351032448377581	0.333314385826686	0.9462686567164179	0.924198250728863	0.8983050847457628
2	gini	8	177	0.9341317365269461	0.9537166900420757	0.17069026585482874	0.947075208913649	0.96045197740113	0.8707482993197279
7	gini	8	177	0.9441233140655106	0.9636135508155583	0.15263551248039828	0.9504950495049505	0.9770992366412213	0.8412698412698413
4	gini	8	177	0.9434697855750487	0.9575402635431918	0.22366135763991815	0.956140350877193	0.9589442815249267	0.9127906976744186
4	gini	8	178	0.9434697855750487	0.9575402635431918	0.22366135763991815	0.956140350877193	0.9589442815249267	0.9127906976744186
12	gini	8	178	0.9339805825242719	0.9512893982808023	0.44465127865452175	0.9431818181818182	0.9595375722543352	0.8816568047337278
11	gini	8	178	0.9424184261036468	0.9620253164556962	0.35063701405634884	0.9718670076726342	0.9523809523809523	0.9098360655737705
3	gini	8	178	0.9476635514018692	0.9627659574468085	0.13057233927943612	0.9783783783783784	0.9476439790575916	0.9477124183006536
6	gini	8	178	0.9389002036659878	0.9578651685393258	0.23682210791932826	0.9419889502762431	0.9742857142857143	0.851063829787234
13	gini	8	179	0.9388145315487572	0.961352657004831	0.2985237128543944	0.9590361445783132	0.9636803874092009	0.8454545454545455
3	gini	8	179	0.9476635514018692	0.9627659574468085	0.13057233927943612	0.9783783783783784	0.9476439790575916	0.9477124183006536
4	gini	8	179	0.9434697855750487	0.9575402635431918	0.22366135763991815	0.956140350877193	0.9589442815249267	0.9127906976744186
5	gini	8	179	0.958904109589041	0.97165991902834	0.2680993515278057	0.9703504043126685	0.972972972972973	0.9219858156028369
11	gini	8	179	0.9424184261036468	0.9620253164556962	0.35063701405634884	0.9718670076726342	0.9523809523809523	0.9098360655737705
1	gini	8	180	0.9432048681541582	0.964735516372796	0.2945189692615555	0.9433497536945813	0.9871134020618557	0.780952380952381
11	gini	8	180	0.9424184261036468	0.9620253164556962	0.35063701405634884	0.9718670076726342	0.9523809523809523	0.9098360655737705
5	gini	8	180	0.958904109589041	0.97165991902834	0.2680993515278057	0.9703504043126685	0.972972972972973	0.9219858156028369
8	gini	8	180	0.935361216730038	0.9552631578947368	0.41615408478819327	0.952755905511811	0.9577836411609498	0.8775510204081632
4	gini	8	180	0.9434697855750487	0.9575402635431918	0.22366135763991815	0.956140350877193	0.9589442815249267	0.9127906976744186
2	gini	8	181	0.9341317365269461	0.9537166900420757	0.17069026585482874	0.947075208913649	0.96045197740113	0.8707482993197279
11	gini	8	181	0.9424184261036468	0.9620253164556962	0.35063701405634884	0.9718670076726342	0.9523809523809523	0.9098360655737705
3	gini	8	181	0.9476635514018692	0.9627659574468085	0.13057233927943612	0.9783783783783784	0.9476439790575916	0.9477124183006536
8	gini	8	181	0.935361216730038	0.9552631578947368	0.41615408478819327	0.952755905511811	0.9577836411609498	0.8775510204081632
9	gini	8	181	0.9127134724857685	0.9346590909090909	0.2565071517460498	0.9508670520231214	0.9189944134078212	0.8994082840236687
11	gini	8	182	0.9424184261036468	0.9620253164556962	0.35063701405634884	0.9718670076726342	0.9523809523809523	0.9098360655737705
7	gini	8	182	0.9441233140655106	0.9636135508155583	0.15263551248039828	0.9504950495049505	0.9770992366412213	0.8412698412698413
2	gini	8	182	0.9341317365269461	0.9537166900420757	0.17069026585482874	0.947075208913649	0.96045197740113	0.8707482993197279
9	gini	8	182	0.9127134724857685	0.9346590909090909	0.2565071517460498	0.9508670520231214	0.9189944134078212	0.8994082840236687
12	gini	8	182	0.9339805825242719	0.9512893982808023	0.44465127865452175	0.9431818181818182	0.9595375722543352	0.8816568047337278
1	gini	8	183	0.9432048681541582	0.964735516372796	0.2945189692615555	0.9433497536945813	0.9871134020618557	0.780952380952381
4	gini	8	183	0.9434697855750487	0.9575402635431918	0.22366135763991815	0.956140350877193	0.9589442815249267	0.9127906976744186
15	gini	8	183	0.9153846153846154	0.9351032448377581	0.333314385826686	0.9462686567164179	0.924198250728863	0.8983050847457628
7	gini	8	183	0.9441233140655106	0.9636135508155583	0.15263551248039828	0.9504950495049505	0.9770992366412213	0.8412698412698413
12	gini	8	183	0.9339805825242719	0.9512893982808023	0.44465127865452175	0.9431818181818182	0.9595375722543352	0.8816568047337278
8	gini	8	184	0.935361216730038	0.9552631578947368	0.41615408478819327	0.952755905511811	0.9577836411609498	0.8775510204081632
6	gini	8	184	0.9389002036659878	0.9578651685393258	0.23682210791932826	0.9419889502762431	0.9742857142857143	0.851063829787234
9	gini	8	184	0.9127134724857685	0.9346590909090909	0.2565071517460498	0.9508670520231214	0.9189944134078212	0.8994082840236687
12	gini	8	184	0.9339805825242719	0.9512893982808023	0.44465127865452175	0.9431818181818182	0.9595375722543352	0.8816568047337278
3	gini	8	184	0.9476635514018692	0.9627659574468085	0.13057233927943612	0.9783783783783784	0.9476439790575916	0.9477124183006536
11	gini	8	185	0.9424184261036468	0.9620253164556962	0.35063701405634884	0.9718670076726342	0.9523809523809523	0.9098360655737705
12	gini	8	185	0.9339805825242719	0.9512893982808023	0.44465127865452175	0.9431818181818182	0.9595375722543352	0.8816568047337278
2	gini	8	185	0.9341317365269461	0.9537166900420757	0.17069026585482874	0.947075208913649	0.96045197740113	0.8707482993197279
5	gini	8	185	0.958904109589041	0.97165991902834	0.2680993515278057	0.9703504043126685	0.972972972972973	0.9219858156028369
10	gini	8	185	0.9491833030852994	0.9642857142857143	0.1412365600971183	0.9692307692307692	0.9593908629441624	0.9235668789808917
15	gini	8	186	0.9153846153846154	0.9351032448377581	0.333314385826686	0.9462686567164179	0.924198250728863	0.8983050847457628
4	gini	8	186	0.9434697855750487	0.9575402635431918	0.22366135763991815	0.956140350877193	0.9589442815249267	0.9127906976744186
13	gini	8	186	0.9388145315487572	0.961352657004831	0.2985237128543944	0.9590361445783132	0.9636803874092009	0.8454545454545455
1	gini	8	186	0.9432048681541582	0.964735516372796	0.2945189692615555	0.9433497536945813	0.9871134020618557	0.780952380952381
14	gini	8	186	0.9447731755424064	0.9628647214854111	0.27166712126822107	0.9654255319148937	0.9603174603174603	0.8992248062015504
2	gini	8	187	0.9341317365269461	0.9537166900420757	0.17069026585482874	0.947075208913649	0.96045197740113	0.8707482993197279
10	gini	8	187	0.9491833030852994	0.9642857142857143	0.1412365600971183	0.9692307692307692	0.9593908629441624	0.9235668789808917
15	gini	8	187	0.9153846153846154	0.9351032448377581	0.333314385826686	0.9462686567164179	0.924198250728863	0.8983050847457628
14	gini	8	187	0.9447731755424064	0.9628647214854111	0.27166712126822107	0.9654255319148937	0.9603174603174603	0.8992248062015504
6	gini	8	187	0.9389002036659878	0.9578651685393258	0.23682210791932826	0.9419889502762431	0.9742857142857143	0.851063829787234
10	gini	8	188	0.9491833030852994	0.9642857142857143	0.1412365600971183	0.9692307692307692	0.9593908629441624	0.9235668789808917
1	gini	8	188	0.9432048681541582	0.964735516372796	0.2945189692615555	0.9433497536945813	0.9871134020618557	0.780952380952381
5	gini	8	188	0.958904109589041	0.97165991902834	0.2680993515278057	0.9703504043126685	0.972972972972973	0.9219858156028369
6	gini	8	188	0.9389002036659878	0.9578651685393258	0.23682210791932826	0.9419889502762431	0.9742857142857143	0.851063829787234
4	gini	8	188	0.9434697855750487	0.9575402635431918	0.22366135763991815	0.956140350877193	0.9589442815249267	0.9127906976744186
11	gini	8	189	0.9424184261036468	0.9620253164556962	0.35063701405634884	0.9718670076726342	0.9523809523809523	0.9098360655737705
4	gini	8	189	0.9434697855750487	0.9575402635431918	0.22366135763991815	0.956140350877193	0.9589442815249267	0.9127906976744186
1	gini	8	189	0.9432048681541582	0.964735516372796	0.2945189692615555	0.9433497536945813	0.9871134020618557	0.780952380952381
9	gini	8	189	0.9127134724857685	0.9346590909090909	0.2565071517460498	0.9508670520231214	0.9189944134078212	0.8994082840236687
6	gini	8	189	0.9389002036659878	0.9578651685393258	0.23682210791932826	0.9419889502762431	0.9742857142857143	0.851063829787234
4	gini	8	190	0.9434697855750487	0.9575402635431918	0.22366135763991815	0.956140350877193	0.9589442815249267	0.9127906976744186
2	gini	8	190	0.9341317365269461	0.9537166900420757	0.17069026585482874	0.947075208913649	0.96045197740113	0.8707482993197279
5	gini	8	190	0.958904109589041	0.97165991902834	0.2680993515278057	0.9703504043126685	0.972972972972973	0.9219858156028369
1	gini	8	190	0.9432048681541582	0.964735516372796	0.2945189692615555	0.9433497536945813	0.9871134020618557	0.780952380952381
12	gini	8	190	0.9339805825242719	0.9512893982808023	0.44465127865452175	0.9431818181818182	0.9595375722543352	0.8816568047337278
3	gini	8	191	0.9476635514018692	0.9627659574468085	0.13057233927943612	0.9783783783783784	0.9476439790575916	0.9477124183006536
12	gini	8	191	0.9339805825242719	0.9512893982808023	0.44465127865452175	0.9431818181818182	0.9595375722543352	0.8816568047337278
11	gini	8	191	0.9424184261036468	0.9620253164556962	0.35063701405634884	0.9718670076726342	0.9523809523809523	0.9098360655737705
4	gini	8	191	0.9434697855750487	0.9575402635431918	0.22366135763991815	0.956140350877193	0.9589442815249267	0.9127906976744186
5	gini	8	191	0.958904109589041	0.97165991902834	0.2680993515278057	0.9703504043126685	0.972972972972973	0.9219858156028369
6	gini	8	192	0.9389002036659878	0.9578651685393258	0.23682210791932826	0.9419889502762431	0.9742857142857143	0.851063829787234
8	gini	8	192	0.935361216730038	0.9552631578947368	0.41615408478819327	0.952755905511811	0.9577836411609498	0.8775510204081632
3	gini	8	192	0.9476635514018692	0.9627659574468085	0.13057233927943612	0.9783783783783784	0.9476439790575916	0.9477124183006536
2	gini	8	192	0.9341317365269461	0.9537166900420757	0.17069026585482874	0.947075208913649	0.96045197740113	0.8707482993197279
13	gini	8	192	0.9388145315487572	0.961352657004831	0.2985237128543944	0.9590361445783132	0.9636803874092009	0.8454545454545455
6	gini	8	193	0.9389002036659878	0.9578651685393258	0.23682210791932826	0.9419889502762431	0.9742857142857143	0.851063829787234
2	gini	8	193	0.9341317365269461	0.9537166900420757	0.17069026585482874	0.947075208913649	0.96045197740113	0.8707482993197279
14	gini	8	193	0.9447731755424064	0.9628647214854111	0.27166712126822107	0.9654255319148937	0.9603174603174603	0.8992248062015504
4	gini	8	193	0.9434697855750487	0.9575402635431918	0.22366135763991815	0.956140350877193	0.9589442815249267	0.9127906976744186
3	gini	8	193	0.9476635514018692	0.9627659574468085	0.13057233927943612	0.9783783783783784	0.9476439790575916	0.9477124183006536
13	gini	8	194	0.9388145315487572	0.961352657004831	0.2985237128543944	0.9590361445783132	0.9636803874092009	0.8454545454545455
2	gini	8	194	0.9341317365269461	0.9537166900420757	0.17069026585482874	0.947075208913649	0.96045197740113	0.8707482993197279
3	gini	8	194	0.9476635514018692	0.9627659574468085	0.13057233927943612	0.9783783783783784	0.9476439790575916	0.9477124183006536
8	gini	8	194	0.935361216730038	0.9552631578947368	0.41615408478819327	0.952755905511811	0.9577836411609498	0.8775510204081632
14	gini	8	194	0.9447731755424064	0.9628647214854111	0.27166712126822107	0.9654255319148937	0.9603174603174603	0.8992248062015504
8	gini	8	195	0.935361216730038	0.9552631578947368	0.41615408478819327	0.952755905511811	0.9577836411609498	0.8775510204081632
2	gini	8	195	0.9341317365269461	0.9537166900420757	0.17069026585482874	0.947075208913649	0.96045197740113	0.8707482993197279
3	gini	8	195	0.9476635514018692	0.9627659574468085	0.13057233927943612	0.9783783783783784	0.9476439790575916	0.9477124183006536
11	gini	8	195	0.9424184261036468	0.9620253164556962	0.35063701405634884	0.9718670076726342	0.9523809523809523	0.9098360655737705
4	gini	8	195	0.9434697855750487	0.9575402635431918	0.22366135763991815	0.956140350877193	0.9589442815249267	0.9127906976744186
3	gini	8	196	0.9476635514018692	0.9627659574468085	0.13057233927943612	0.9783783783783784	0.9476439790575916	0.9477124183006536
11	gini	8	196	0.9424184261036468	0.9620253164556962	0.35063701405634884	0.9718670076726342	0.9523809523809523	0.9098360655737705
7	gini	8	196	0.9441233140655106	0.9636135508155583	0.15263551248039828	0.9504950495049505	0.9770992366412213	0.8412698412698413
6	gini	8	196	0.9389002036659878	0.9578651685393258	0.23682210791932826	0.9419889502762431	0.9742857142857143	0.851063829787234
4	gini	8	196	0.9434697855750487	0.9575402635431918	0.22366135763991815	0.956140350877193	0.9589442815249267	0.9127906976744186
3	gini	8	197	0.9476635514018692	0.9627659574468085	0.13057233927943612	0.9783783783783784	0.9476439790575916	0.9477124183006536
7	gini	8	197	0.9441233140655106	0.9636135508155583	0.15263551248039828	0.9504950495049505	0.9770992366412213	0.8412698412698413
2	gini	8	197	0.9341317365269461	0.9537166900420757	0.17069026585482874	0.947075208913649	0.96045197740113	0.8707482993197279
13	gini	8	197	0.9388145315487572	0.961352657004831	0.2985237128543944	0.9590361445783132	0.9636803874092009	0.8454545454545455
5	gini	8	197	0.958904109589041	0.97165991902834	0.2680993515278057	0.9703504043126685	0.972972972972973	0.9219858156028369
9	gini	8	198	0.9127134724857685	0.9346590909090909	0.2565071517460498	0.9508670520231214	0.9189944134078212	0.8994082840236687
15	gini	8	198	0.9153846153846154	0.9351032448377581	0.333314385826686	0.9462686567164179	0.924198250728863	0.8983050847457628
6	gini	8	198	0.9389002036659878	0.9578651685393258	0.23682210791932826	0.9419889502762431	0.9742857142857143	0.851063829787234
10	gini	8	198	0.9491833030852994	0.9642857142857143	0.1412365600971183	0.9692307692307692	0.9593908629441624	0.9235668789808917
7	gini	8	198	0.9441233140655106	0.9636135508155583	0.15263551248039828	0.9504950495049505	0.9770992366412213	0.8412698412698413
4	gini	8	199	0.9434697855750487	0.9575402635431918	0.22366135763991815	0.956140350877193	0.9589442815249267	0.9127906976744186
14	gini	8	199	0.9447731755424064	0.9628647214854111	0.27166712126822107	0.9654255319148937	0.9603174603174603	0.8992248062015504
11	gini	8	199	0.9424184261036468	0.9620253164556962	0.35063701405634884	0.9718670076726342	0.9523809523809523	0.9098360655737705
5	gini	8	199	0.958904109589041	0.97165991902834	0.2680993515278057	0.9703504043126685	0.972972972972973	0.9219858156028369
2	gini	8	199	0.9341317365269461	0.9537166900420757	0.17069026585482874	0.947075208913649	0.96045197740113	0.8707482993197279
1	gini	8	200	0.9432048681541582	0.964735516372796	0.2945189692615555	0.9433497536945813	0.9871134020618557	0.780952380952381
6	gini	8	200	0.9389002036659878	0.9578651685393258	0.23682210791932826	0.9419889502762431	0.9742857142857143	0.851063829787234
10	gini	8	200	0.9491833030852994	0.9642857142857143	0.1412365600971183	0.9692307692307692	0.9593908629441624	0.9235668789808917
12	gini	8	200	0.9339805825242719	0.9512893982808023	0.44465127865452175	0.9431818181818182	0.9595375722543352	0.8816568047337278
15	gini	8	200	0.9153846153846154	0.9351032448377581	0.333314385826686	0.9462686567164179	0.924198250728863	0.8983050847457628
